gate,name,passed,status,value,threshold,reason,details
F1,Injection recovery,False,NOT_EVALUATED,0.0,0.05,not_evaluated_in_standalone_metrics; reserved for runner-level injection test,"{'inj_eps_true': 0.05, 'note': 'This gate is marked NOT_EVALUATED here, not failed scientifically.'}"
F2,Controls collapse,True,PASS,0.8055555555555556,0.75,ok,"{'failed_control_types': [], 'control_summaries': [{'control_type': 'circular_rng_shift', 'n_runs': 36, 'n_valid_runs': 36, 'median_max_baseline_eps_test': 0.8, 'median_max_augmented_eps_test': 0.8, 'mean_max_augmented_eps_test': 0.6666666666666669, 'max_augmented_eps_test': 0.8, 'median_max_conditional_lift': 0.0, 'mean_max_conditional_lift': 0.044444444444444446, 'max_conditional_lift': 0.8, 'median_max_bic_improvement': -133.3515497499402, 'max_bic_improvement': -120.34841406363012, 'median_max_ll_improvement': -1.9253693291792615, 'max_ll_improvement': 3.9177268295807153, 'median_eps_saturation_fraction': 0.5, 'max_eps_saturation_fraction': 1.0, 'total_multichannel_pair_rows': 72, 'total_multichannel_positive_lift_rows': 2, 'total_multichannel_strong_candidate_rows': 0, 'fraction_runs_below_control_tol': 0.9444444444444444, 'fraction_runs_collapsed_overall': 0.9444444444444444, 'control_tol': 0.05, 'passed': True, 'reason': 'ok'}, {'control_type': 'conditional_target_shuffle', 'n_runs': 36, 'n_valid_runs': 36, 'median_max_baseline_eps_test': 0.8, 'median_max_augmented_eps_test': 0.8, 'mean_max_augmented_eps_test': 0.5555555555555557, 'max_augmented_eps_test': 0.8, 'median_max_conditional_lift': 0.0, 'mean_max_conditional_lift': 0.06666666666666668, 'max_conditional_lift': 0.8, 'median_max_bic_improvement': -134.77643328533009, 'max_bic_improvement': -116.48549007792371, 'median_max_ll_improvement': -2.831314555810536, 'max_ll_improvement': 1.8275523261122544, 'median_eps_saturation_fraction': 0.625, 'max_eps_saturation_fraction': 1.0, 'total_multichannel_pair_rows': 72, 'total_multichannel_positive_lift_rows': 4, 'total_multichannel_strong_candidate_rows': 0, 'fraction_runs_below_control_tol': 0.8055555555555556, 'fraction_runs_collapsed_overall': 0.8055555555555556, 'control_tol': 0.05, 'passed': True, 'reason': 'ok'}, {'control_type': 'stage_preserving_rng_shuffle', 'n_runs': 36, 'n_valid_runs': 36, 'median_max_baseline_eps_test': 0.8, 'median_max_augmented_eps_test': 0.8, 'mean_max_augmented_eps_test': 0.6666666666666669, 'max_augmented_eps_test': 0.8, 'median_max_conditional_lift': 0.0, 'mean_max_conditional_lift': 0.08888888888888889, 'max_conditional_lift': 0.8, 'median_max_bic_improvement': -134.15799476087705, 'max_bic_improvement': -121.85718803067539, 'median_max_ll_improvement': -2.936609309203277, 'max_ll_improvement': 3.5236993283588163, 'median_eps_saturation_fraction': 0.5, 'max_eps_saturation_fraction': 1.0, 'total_multichannel_pair_rows': 72, 'total_multichannel_positive_lift_rows': 0, 'total_multichannel_strong_candidate_rows': 0, 'fraction_runs_below_control_tol': 0.8333333333333334, 'fraction_runs_collapsed_overall': 0.8333333333333334, 'control_tol': 0.05, 'passed': True, 'reason': 'ok'}, {'control_type': 'subject_mismatch', 'n_runs': 36, 'n_valid_runs': 36, 'median_max_baseline_eps_test': 0.8, 'median_max_augmented_eps_test': 0.8, 'mean_max_augmented_eps_test': 0.7555555555555556, 'max_augmented_eps_test': 0.8, 'median_max_conditional_lift': 0.0, 'mean_max_conditional_lift': 0.044444444444444446, 'max_conditional_lift': 0.8, 'median_max_bic_improvement': -135.111691815737, 'max_bic_improvement': -121.29247109729386, 'median_max_ll_improvement': -3.299376007100136, 'max_ll_improvement': 5.889016422016539, 'median_eps_saturation_fraction': 0.5, 'max_eps_saturation_fraction': 1.0, 'total_multichannel_pair_rows': 72, 'total_multichannel_positive_lift_rows': 0, 'total_multichannel_strong_candidate_rows': 0, 'fraction_runs_below_control_tol': 0.8888888888888888, 'fraction_runs_collapsed_overall': 0.8888888888888888, 'control_tol': 0.05, 'passed': True, 'reason': 'ok'}, {'control_type': 'within_subject_eeg_shuffle', 'n_runs': 36, 'n_valid_runs': 36, 'median_max_baseline_eps_test': 0.8, 'median_max_augmented_eps_test': 0.8, 'mean_max_augmented_eps_test': 0.6444444444444445, 'max_augmented_eps_test': 0.8, 'median_max_conditional_lift': 0.0, 'mean_max_conditional_lift': 0.08888888888888889, 'max_conditional_lift': 0.8, 'median_max_bic_improvement': -130.42165838807477, 'max_bic_improvement': -122.2251600285872, 'median_max_ll_improvement': -2.1713556788632786, 'max_ll_improvement': 1.638398535690385, 'median_eps_saturation_fraction': 0.5, 'max_eps_saturation_fraction': 0.75, 'total_multichannel_pair_rows': 72, 'total_multichannel_positive_lift_rows': 0, 'total_multichannel_strong_candidate_rows': 0, 'fraction_runs_below_control_tol': 0.8888888888888888, 'fraction_runs_collapsed_overall': 0.8888888888888888, 'control_tol': 0.05, 'passed': True, 'reason': 'ok'}, {'control_type': 'within_subject_rng_shuffle', 'n_runs': 36, 'n_valid_runs': 36, 'median_max_baseline_eps_test': 0.8, 'median_max_augmented_eps_test': 0.8, 'mean_max_augmented_eps_test': 0.6444444444444445, 'max_augmented_eps_test': 0.8, 'median_max_conditional_lift': 0.0, 'mean_max_conditional_lift': 0.044444444444444446, 'max_conditional_lift': 0.8, 'median_max_bic_improvement': -132.7319562152129, 'max_bic_improvement': -119.6032999148274, 'median_max_ll_improvement': -2.089037232472606, 'max_ll_improvement': 2.644526397718437, 'median_eps_saturation_fraction': 0.5, 'max_eps_saturation_fraction': 1.0, 'total_multichannel_pair_rows': 72, 'total_multichannel_positive_lift_rows': 0, 'total_multichannel_strong_candidate_rows': 0, 'fraction_runs_below_control_tol': 0.9444444444444444, 'fraction_runs_collapsed_overall': 0.9444444444444444, 'control_tol': 0.05, 'passed': True, 'reason': 'ok'}]}"
F3,Holdout generalization,True,PASS,1.0,1.0,valid ref/calib/test conditional evaluations exist,"{'n_valid_pair_rows': 168, 'n_total_pair_rows': 168, 'split': 'reference_train -> calibration -> test_holdout'}"
F5,Sensitivity stability,False,NOT_EVALUATED,0.0,0.12,not_evaluated_in_standalone_metrics; reserved for runner-level sensitivity test,{}
F6,Conditional lift,True,PASS,0.8,0.03,ok,"{'max_primary_conditional_lift': 0.8, 'max_primary_augmented_eps_test': 0.8, 'strong_eps_min': 0.07, 'primary_rows': [{'regime': 'no_wake', 'lag_epochs': 0, 'lag_label': 'lag_0', 'family': 'EEG_next', 'baseline_model': 'C0_EEG_next_given_EEG', 'augmented_model': 'C1_EEG_next_given_EEG_RNG', 'valid': True, 'primary': True, 'baseline_eps_test': 0.8, 'augmented_eps_test': 0.8, 'conditional_lift': 0.0, 'baseline_ll_test': -3461.7217421413907, 'augmented_ll_test': -3615.553747559576, 'll_improvement': -153.83200541818542, 'baseline_bic_test': 7492.369305616232, 'augmented_bic_test': 8368.959137786052, 'bic_improvement': -876.5898321698205, 'baseline_aic_test': 7067.443484282781, 'augmented_aic_test': 7519.107495119152, 'aic_improvement': -451.6640108363709, 'n_subjects_evaluated': 10, 'n_subjects_positive_lift': 1, 'fraction_positive_lift': 0.1, 'reason': 'ok'}, {'regime': 'no_wake', 'lag_epochs': 0, 'lag_label': 'lag_0', 'family': 'RNG_next', 'baseline_model': 'C2_RNG_next_given_RNG', 'augmented_model': 'C3_RNG_next_given_RNG_EEG', 'valid': True, 'primary': True, 'baseline_eps_test': 0.0, 'augmented_eps_test': 0.0, 'conditional_lift': 0.0, 'baseline_ll_test': -1870.0504208475213, 'augmented_ll_test': -1872.9869017265116, 'll_improvement': -2.936480878990096, 'baseline_bic_test': 3755.9028557990273, 'augmented_bic_test': 3888.1919303888862, 'bic_improvement': -132.28907458985896, 'baseline_aic_test': 3744.1008416950426, 'augmented_aic_test': 3781.973803453023, 'aic_improvement': -37.87296175798019, 'n_subjects_evaluated': 10, 'n_subjects_positive_lift': 1, 'fraction_positive_lift': 0.1, 'reason': 'ok'}, {'regime': 'stable_sleep', 'lag_epochs': 0, 'lag_label': 'lag_0', 'family': 'EEG_next', 'baseline_model': 'C0_EEG_next_given_EEG', 'augmented_model': 'C1_EEG_next_given_EEG_RNG', 'valid': True, 'primary': True, 'baseline_eps_test': 0.8, 'augmented_eps_test': 0.8, 'conditional_lift': 0.0, 'baseline_ll_test': -2791.120643891387, 'augmented_ll_test': -2959.705352796389, 'll_improvement': -168.58470890500257, 'baseline_bic_test': 6123.031685927788, 'augmented_bic_test': 7000.991501882809, 'bic_improvement': -877.9598159550205, 'baseline_aic_test': 5726.241287782774, 'augmented_aic_test': 6207.410705592779, 'aic_improvement': -481.16941781000514, 'n_subjects_evaluated': 10, 'n_subjects_positive_lift': 0, 'fraction_positive_lift': 0.0, 'reason': 'ok'}, {'regime': 'stable_sleep', 'lag_epochs': 0, 'lag_label': 'lag_0', 'family': 'RNG_next', 'baseline_model': 'C2_RNG_next_given_RNG', 'augmented_model': 'C3_RNG_next_given_RNG_EEG', 'valid': True, 'primary': True, 'baseline_eps_test': 0.0, 'augmented_eps_test': 0.8, 'conditional_lift': 0.8, 'baseline_ll_test': -1267.0309236091891, 'augmented_ll_test': -1274.2703481417852, 'll_improvement': -7.239424532596104, 'baseline_bic_test': 2549.082708331134, 'augmented_bic_test': 2683.7284462983744, 'bic_improvement': -134.64573796724017, 'baseline_aic_test': 2538.0618472183783, 'augmented_aic_test': 2584.5406962835705, 'aic_improvement': -46.47884906519221, 'n_subjects_evaluated': 10, 'n_subjects_positive_lift': 4, 'fraction_positive_lift': 0.4, 'reason': 'ok'}]}"
F7,Subject consistency,False,FAIL,0.4,0.6,max_primary_fraction_positive_lift=0.400000,"{'max_primary_fraction_positive_lift': 0.4, 'primary_rows': [{'regime': 'no_wake', 'lag_epochs': 0, 'lag_label': 'lag_0', 'family': 'EEG_next', 'baseline_model': 'C0_EEG_next_given_EEG', 'augmented_model': 'C1_EEG_next_given_EEG_RNG', 'valid': True, 'primary': True, 'baseline_eps_test': 0.8, 'augmented_eps_test': 0.8, 'conditional_lift': 0.0, 'baseline_ll_test': -3461.7217421413907, 'augmented_ll_test': -3615.553747559576, 'll_improvement': -153.83200541818542, 'baseline_bic_test': 7492.369305616232, 'augmented_bic_test': 8368.959137786052, 'bic_improvement': -876.5898321698205, 'baseline_aic_test': 7067.443484282781, 'augmented_aic_test': 7519.107495119152, 'aic_improvement': -451.6640108363709, 'n_subjects_evaluated': 10, 'n_subjects_positive_lift': 1, 'fraction_positive_lift': 0.1, 'reason': 'ok'}, {'regime': 'no_wake', 'lag_epochs': 0, 'lag_label': 'lag_0', 'family': 'RNG_next', 'baseline_model': 'C2_RNG_next_given_RNG', 'augmented_model': 'C3_RNG_next_given_RNG_EEG', 'valid': True, 'primary': True, 'baseline_eps_test': 0.0, 'augmented_eps_test': 0.0, 'conditional_lift': 0.0, 'baseline_ll_test': -1870.0504208475213, 'augmented_ll_test': -1872.9869017265116, 'll_improvement': -2.936480878990096, 'baseline_bic_test': 3755.9028557990273, 'augmented_bic_test': 3888.1919303888862, 'bic_improvement': -132.28907458985896, 'baseline_aic_test': 3744.1008416950426, 'augmented_aic_test': 3781.973803453023, 'aic_improvement': -37.87296175798019, 'n_subjects_evaluated': 10, 'n_subjects_positive_lift': 1, 'fraction_positive_lift': 0.1, 'reason': 'ok'}, {'regime': 'stable_sleep', 'lag_epochs': 0, 'lag_label': 'lag_0', 'family': 'EEG_next', 'baseline_model': 'C0_EEG_next_given_EEG', 'augmented_model': 'C1_EEG_next_given_EEG_RNG', 'valid': True, 'primary': True, 'baseline_eps_test': 0.8, 'augmented_eps_test': 0.8, 'conditional_lift': 0.0, 'baseline_ll_test': -2791.120643891387, 'augmented_ll_test': -2959.705352796389, 'll_improvement': -168.58470890500257, 'baseline_bic_test': 6123.031685927788, 'augmented_bic_test': 7000.991501882809, 'bic_improvement': -877.9598159550205, 'baseline_aic_test': 5726.241287782774, 'augmented_aic_test': 6207.410705592779, 'aic_improvement': -481.16941781000514, 'n_subjects_evaluated': 10, 'n_subjects_positive_lift': 0, 'fraction_positive_lift': 0.0, 'reason': 'ok'}, {'regime': 'stable_sleep', 'lag_epochs': 0, 'lag_label': 'lag_0', 'family': 'RNG_next', 'baseline_model': 'C2_RNG_next_given_RNG', 'augmented_model': 'C3_RNG_next_given_RNG_EEG', 'valid': True, 'primary': True, 'baseline_eps_test': 0.0, 'augmented_eps_test': 0.8, 'conditional_lift': 0.8, 'baseline_ll_test': -1267.0309236091891, 'augmented_ll_test': -1274.2703481417852, 'll_improvement': -7.239424532596104, 'baseline_bic_test': 2549.082708331134, 'augmented_bic_test': 2683.7284462983744, 'bic_improvement': -134.64573796724017, 'baseline_aic_test': 2538.0618472183783, 'augmented_aic_test': 2584.5406962835705, 'aic_improvement': -46.47884906519221, 'n_subjects_evaluated': 10, 'n_subjects_positive_lift': 4, 'fraction_positive_lift': 0.4, 'reason': 'ok'}]}"
F8,Complexity penalty / BIC,False,FAIL,-132.28907458985896,0.0,best_primary_bic_improvement=-132.289075,"{'max_primary_bic_improvement': -132.28907458985896, 'primary_rows': [{'regime': 'no_wake', 'lag_epochs': 0, 'lag_label': 'lag_0', 'family': 'EEG_next', 'baseline_model': 'C0_EEG_next_given_EEG', 'augmented_model': 'C1_EEG_next_given_EEG_RNG', 'valid': True, 'primary': True, 'baseline_eps_test': 0.8, 'augmented_eps_test': 0.8, 'conditional_lift': 0.0, 'baseline_ll_test': -3461.7217421413907, 'augmented_ll_test': -3615.553747559576, 'll_improvement': -153.83200541818542, 'baseline_bic_test': 7492.369305616232, 'augmented_bic_test': 8368.959137786052, 'bic_improvement': -876.5898321698205, 'baseline_aic_test': 7067.443484282781, 'augmented_aic_test': 7519.107495119152, 'aic_improvement': -451.6640108363709, 'n_subjects_evaluated': 10, 'n_subjects_positive_lift': 1, 'fraction_positive_lift': 0.1, 'reason': 'ok'}, {'regime': 'no_wake', 'lag_epochs': 0, 'lag_label': 'lag_0', 'family': 'RNG_next', 'baseline_model': 'C2_RNG_next_given_RNG', 'augmented_model': 'C3_RNG_next_given_RNG_EEG', 'valid': True, 'primary': True, 'baseline_eps_test': 0.0, 'augmented_eps_test': 0.0, 'conditional_lift': 0.0, 'baseline_ll_test': -1870.0504208475213, 'augmented_ll_test': -1872.9869017265116, 'll_improvement': -2.936480878990096, 'baseline_bic_test': 3755.9028557990273, 'augmented_bic_test': 3888.1919303888862, 'bic_improvement': -132.28907458985896, 'baseline_aic_test': 3744.1008416950426, 'augmented_aic_test': 3781.973803453023, 'aic_improvement': -37.87296175798019, 'n_subjects_evaluated': 10, 'n_subjects_positive_lift': 1, 'fraction_positive_lift': 0.1, 'reason': 'ok'}, {'regime': 'stable_sleep', 'lag_epochs': 0, 'lag_label': 'lag_0', 'family': 'EEG_next', 'baseline_model': 'C0_EEG_next_given_EEG', 'augmented_model': 'C1_EEG_next_given_EEG_RNG', 'valid': True, 'primary': True, 'baseline_eps_test': 0.8, 'augmented_eps_test': 0.8, 'conditional_lift': 0.0, 'baseline_ll_test': -2791.120643891387, 'augmented_ll_test': -2959.705352796389, 'll_improvement': -168.58470890500257, 'baseline_bic_test': 6123.031685927788, 'augmented_bic_test': 7000.991501882809, 'bic_improvement': -877.9598159550205, 'baseline_aic_test': 5726.241287782774, 'augmented_aic_test': 6207.410705592779, 'aic_improvement': -481.16941781000514, 'n_subjects_evaluated': 10, 'n_subjects_positive_lift': 0, 'fraction_positive_lift': 0.0, 'reason': 'ok'}, {'regime': 'stable_sleep', 'lag_epochs': 0, 'lag_label': 'lag_0', 'family': 'RNG_next', 'baseline_model': 'C2_RNG_next_given_RNG', 'augmented_model': 'C3_RNG_next_given_RNG_EEG', 'valid': True, 'primary': True, 'baseline_eps_test': 0.0, 'augmented_eps_test': 0.8, 'conditional_lift': 0.8, 'baseline_ll_test': -1267.0309236091891, 'augmented_ll_test': -1274.2703481417852, 'll_improvement': -7.239424532596104, 'baseline_bic_test': 2549.082708331134, 'augmented_bic_test': 2683.7284462983744, 'bic_improvement': -134.64573796724017, 'baseline_aic_test': 2538.0618472183783, 'augmented_aic_test': 2584.5406962835705, 'aic_improvement': -46.47884906519221, 'n_subjects_evaluated': 10, 'n_subjects_positive_lift': 4, 'fraction_positive_lift': 0.4, 'reason': 'ok'}]}"
F9,Lag / ablation stability,True,PASS,0.0,0.0,ok,"{'primary_max_lift': 0.8, 'secondary_max_lift': 0.8, 'any_meaningful_secondary': True}"
F10,Regime specificity,True,PASS,0.8,0.03,ok,"{'primary_max_lift': 0.8, 'secondary_max_lift': 0.8, 'primary_regimes': ['no_wake', 'stable_sleep'], 'secondary_regimes': ['deep_sleep', 'rem_only', 'transition_epochs']}"
F11,Multiple-comparison guard,True,PASS,0.0,0.0,no_strong_candidates_detected,"{'n_strong_candidates': 0, 'n_primary_strong_candidates': 0}"
F12,Epsilon saturation diagnostic,False,WARN,1.0,0.5,epsilon_saturation_warning,"{'model_saturation': {'available': True, 'epsilon_column_used': 'eps_candidate', 'eps_saturation_value': 0.8, 'eps_saturation_warning_fraction': 0.5, 'n_model_rows': 294, 'n_saturated_rows': 294, 'saturation_fraction': 1.0, 'max_epsilon': 0.8, 'warning': True, 'reason': 'eps_saturation_warning', 'explicit_eps_saturated_rows': 294, 'explicit_eps_saturated_fraction': 1.0}, 'pair_saturation': {'available': True, 'eps_saturation_value': 0.8, 'eps_saturation_warning_fraction': 0.5, 'n_valid_pair_rows': 168, 'n_either_saturated_rows': 89, 'n_both_saturated_rows': 46, 'either_saturation_fraction': 0.5297619047619048, 'both_saturation_fraction': 0.27380952380952384, 'max_baseline_eps_test': 0.8, 'max_augmented_eps_test': 0.8, 'warning': True, 'reason': 'pair_level_eps_saturation_warning'}}"
