regime,lag_epochs,lag_label,family,baseline_model,augmented_model,valid,primary,baseline_eps_test,augmented_eps_test,conditional_lift,baseline_ll_test,augmented_ll_test,ll_improvement,baseline_bic_test,augmented_bic_test,bic_improvement,baseline_aic_test,augmented_aic_test,aic_improvement,n_subjects_evaluated,n_subjects_positive_lift,fraction_positive_lift,reason
deep_sleep,-5,lag_m5,MCEEG_next,D0_MCEEG_next_given_MCEEG,D1_MCEEG_next_given_MCEEG_RNG,True,False,0.0,0.0,0.0,-623.4694760770394,-664.8710605708892,-41.40158449384978,1580.6107349637466,1991.7513452743174,-411.14061031057076,1358.9389521540788,1553.7421211417784,-194.80316898769956,8,1,0.125,ok
deep_sleep,-5,lag_m5,RNG_next,C2_RNG_next_given_RNG,D2_RNG_next_given_RNG_MCEEG,True,False,0.8,0.8,0.0,-256.28283355987213,-283.3650652638835,-27.08223170401135,524.3872604078254,649.4812835443344,-125.09402313650901,516.5656671197443,594.730130527767,-78.1644634080227,8,1,0.125,ok
deep_sleep,-3,lag_m3,MCEEG_next,D0_MCEEG_next_given_MCEEG,D1_MCEEG_next_given_MCEEG_RNG,True,False,0.0,0.0,0.0,-623.4694760770394,-700.6631663570785,-77.19369028003905,1580.6107349637466,2065.7377937083343,-485.12705874458766,1358.9389521540788,1625.326332714157,-266.3873805600781,8,2,0.25,ok
deep_sleep,-3,lag_m3,RNG_next,C2_RNG_next_given_RNG,D2_RNG_next_given_RNG_MCEEG,True,False,0.8,0.8,0.0,-259.54239852443465,-290.76275788065004,-31.220359356215397,530.9333086436984,664.4650969251036,-133.53178828140517,523.0847970488693,609.5255157613001,-86.4407187124308,8,0,0.0,ok
deep_sleep,-1,lag_m1,MCEEG_next,D0_MCEEG_next_given_MCEEG,D1_MCEEG_next_given_MCEEG_RNG,True,False,0.0,0.0,0.0,-623.4694760770394,-786.2353400746131,-162.76586399757366,1580.6107349637466,2238.650598937458,-658.0398639737116,1358.9389521540788,1796.4706801492262,-437.5317279951473,8,1,0.125,ok
deep_sleep,-1,lag_m1,RNG_next,C2_RNG_next_given_RNG,D2_RNG_next_given_RNG_MCEEG,True,False,0.8,0.8,0.0,-265.057033812436,-268.8995826041322,-3.842548791696231,542.0049088420851,621.0350537287565,-79.03014488667134,534.114067624872,565.7991652082644,-31.685097583392462,8,0,0.0,ok
deep_sleep,0,lag_0,MCEEG_next,D0_MCEEG_next_given_MCEEG,D1_MCEEG_next_given_MCEEG_RNG,True,False,0.0,0.0,0.0,-623.4694760770394,-727.6538736609908,-104.18439758395141,1580.6107349637466,2122.651312941317,-542.0405779775704,1358.9389521540788,1679.3077473219817,-320.3687951679028,8,1,0.125,ok
deep_sleep,0,lag_0,RNG_next,C2_RNG_next_given_RNG,D2_RNG_next_given_RNG_MCEEG,True,False,0.8,0.0,-0.8,-266.1008506088136,-271.3592589450509,-5.2584083362373235,544.0977711959885,625.9910077386309,-81.8932365426424,536.2017012176271,570.7185178901018,-34.51681667247465,8,1,0.125,ok
deep_sleep,1,lag_p1,MCEEG_next,D0_MCEEG_next_given_MCEEG,D1_MCEEG_next_given_MCEEG_RNG,True,False,0.0,0.0,0.0,-623.4694760770394,-679.085935327132,-55.61645925009259,1580.6107349637466,2024.3517894424963,-443.7410544787497,1358.9389521540788,1582.171870654264,-223.23291850018518,8,3,0.375,ok
deep_sleep,1,lag_p1,RNG_next,C2_RNG_next_given_RNG,D2_RNG_next_given_RNG_MCEEG,True,False,0.0,0.0,0.0,-265.46422968209566,-272.69581820101126,-7.231588518915601,542.8193005814045,628.6275249225146,-85.80822434111008,534.9284593641913,573.3916364020225,-38.4631770378312,8,0,0.0,ok
deep_sleep,3,lag_p3,MCEEG_next,D0_MCEEG_next_given_MCEEG,D1_MCEEG_next_given_MCEEG_RNG,True,False,0.0,0.8,0.8,-623.4694760770394,-680.1891833759888,-56.7197072989494,1580.6107349637466,1977.3318662465708,-396.7211312828242,1358.9389521540788,1568.3783667519776,-209.4394145978988,8,4,0.5,ok
deep_sleep,3,lag_p3,RNG_next,C2_RNG_next_given_RNG,D2_RNG_next_given_RNG_MCEEG,True,False,0.0,0.8,0.8,-259.84705085893165,-260.3029344631479,-0.45588360421623975,531.5426133126924,597.6211942926847,-66.07858097999224,523.6941017178633,546.6058689262958,-22.91176720843248,8,0,0.0,ok
deep_sleep,5,lag_p5,MCEEG_next,D0_MCEEG_next_given_MCEEG,D1_MCEEG_next_given_MCEEG_RNG,True,False,0.0,0.0,0.0,-623.4694760770394,-578.0904761635451,45.37899991349434,1580.6107349637466,1818.1901764596291,-237.57944149588252,1358.9389521540788,1380.1809523270902,-21.24200017301132,8,4,0.5,ok
deep_sleep,5,lag_p5,RNG_next,C2_RNG_next_given_RNG,D2_RNG_next_given_RNG_MCEEG,True,False,0.0,0.8,0.8,-256.6022958143701,-289.9817515804241,-33.37945576605398,525.0261849168213,662.7146561774156,-137.68847126059427,517.2045916287402,607.9635031608482,-90.75891153210796,8,0,0.0,ok
full,-5,lag_m5,MCEEG_next,D0_MCEEG_next_given_MCEEG,D1_MCEEG_next_given_MCEEG_RNG,True,False,0.0,0.0,0.0,-11561.514720373227,-11571.470147671866,-9.955427298638824,23772.627979696423,24441.84159593917,-669.2136162427487,23267.029440746453,23430.94029534373,-163.91085459727765,10,0,0.0,ok
full,-5,lag_m5,RNG_next,C2_RNG_next_given_RNG,D2_RNG_next_given_RNG_MCEEG,True,False,0.0,0.0,0.0,-5733.4971221286005,-5734.495082627916,-0.9979604993159228,11485.034540098804,11631.352827830262,-146.31828773145753,11470.994244257201,11504.990165255833,-33.995920998631846,10,1,0.1,ok
full,-3,lag_m3,MCEEG_next,D0_MCEEG_next_given_MCEEG,D1_MCEEG_next_given_MCEEG_RNG,True,False,0.0,0.0,0.0,-11561.514720373227,-11676.993712837168,-115.47899246394081,23772.627979696423,24652.95837560608,-880.3303959096556,23267.029440746453,23641.987425674335,-374.9579849278816,10,0,0.0,ok
full,-3,lag_m3,RNG_next,C2_RNG_next_given_RNG,D2_RNG_next_given_RNG_MCEEG,True,False,0.0,0.0,0.0,-5736.278245030895,-5739.862352046176,-3.584107015281006,11490.597753255286,11642.09607283382,-151.49831957853348,11476.55649006179,11515.724704092352,-39.16821403056201,10,1,0.1,ok
full,-1,lag_m1,MCEEG_next,D0_MCEEG_next_given_MCEEG,D1_MCEEG_next_given_MCEEG_RNG,True,False,0.0,0.0,0.0,-11561.514720373227,-11610.086977319585,-48.57225694635781,23772.627979696423,24519.24931545162,-746.6213357551969,23267.029440746453,23508.17395463917,-241.14451389271562,10,0,0.0,ok
full,-1,lag_m1,RNG_next,C2_RNG_next_given_RNG,D2_RNG_next_given_RNG_MCEEG,True,False,0.8,0.8,0.0,-5740.343596122611,-5738.794159820994,1.5494363016177886,11498.72990558984,11639.972739743544,-141.24283415370337,11484.687192245223,11513.588319641987,-28.901127396764423,10,0,0.0,ok
full,0,lag_0,MCEEG_next,D0_MCEEG_next_given_MCEEG,D1_MCEEG_next_given_MCEEG_RNG,True,False,0.0,0.0,0.0,-11561.514720373227,-11682.776082267035,-121.2613618938085,23772.627979696423,24664.749242434005,-892.1212627375826,23267.029440746453,23653.55216453407,-386.522723787617,10,0,0.0,ok
full,0,lag_0,RNG_next,C2_RNG_next_given_RNG,D2_RNG_next_given_RNG_MCEEG,True,False,0.8,0.8,0.0,-5744.958485936534,-5745.239266057896,-0.2807801213621133,11507.96137573279,11652.878166853285,-144.91679112049496,11493.916971873068,11526.478532115792,-32.56156024272423,10,1,0.1,ok
full,1,lag_p1,MCEEG_next,D0_MCEEG_next_given_MCEEG,D1_MCEEG_next_given_MCEEG_RNG,True,False,0.0,0.0,0.0,-11561.514720373227,-11623.589920364138,-62.07519999091164,23772.627979696423,24546.37691862821,-773.7489389317889,23267.029440746453,23535.179840728277,-268.1503999818233,10,0,0.0,ok
full,1,lag_p1,RNG_next,C2_RNG_next_given_RNG,D2_RNG_next_given_RNG_MCEEG,True,False,0.8,0.0,-0.8,-5740.077308873157,-5744.596103575982,-4.518794702825289,11498.19733109093,11651.57662725352,-153.37929616258953,11484.154617746313,11525.192207151964,-41.03758940565058,10,1,0.1,ok
full,3,lag_p3,MCEEG_next,D0_MCEEG_next_given_MCEEG,D1_MCEEG_next_given_MCEEG_RNG,True,False,0.0,0.0,0.0,-11561.514720373227,-11654.942763873032,-93.42804349980543,23772.627979696423,24608.943492001563,-836.3155123051401,23267.029440746453,23597.885527746064,-330.85608699961085,10,0,0.0,ok
full,3,lag_p3,RNG_next,C2_RNG_next_given_RNG,D2_RNG_next_given_RNG_MCEEG,True,False,0.8,0.8,0.0,-5735.648539646951,-5737.174063813686,-1.5255241667355222,11489.338342487397,11636.71949636884,-147.38115388144251,11475.297079293901,11510.348127627372,-35.051048333471044,10,0,0.0,ok
full,5,lag_p5,MCEEG_next,D0_MCEEG_next_given_MCEEG,D1_MCEEG_next_given_MCEEG_RNG,True,False,0.0,0.0,0.0,-11561.514720373227,-11629.936167927423,-68.42144755419577,23772.627979696423,24558.84328578659,-786.2153060901655,23267.029440746453,23547.872335854845,-280.84289510839153,10,0,0.0,ok
full,5,lag_p5,RNG_next,C2_RNG_next_given_RNG,D2_RNG_next_given_RNG_MCEEG,True,False,0.8,0.8,0.0,-5732.411795463287,-5737.7718417825145,-5.360046319227877,11482.863886768177,11637.906346139458,-155.04245937128144,11468.823590926573,11511.543683565029,-42.72009263845575,10,1,0.1,ok
no_wake,-5,lag_m5,MCEEG_next,D0_MCEEG_next_given_MCEEG,D1_MCEEG_next_given_MCEEG_RNG,True,False,0.8,0.8,0.0,-3314.352501537434,-3414.2063208879913,-99.85381935055739,7197.630824408318,7965.462649416613,-767.8318250082948,6772.705003074868,7116.412641775983,-343.7076387011148,10,1,0.1,ok
no_wake,-5,lag_m5,RNG_next,C2_RNG_next_given_RNG,D2_RNG_next_given_RNG_MCEEG,True,False,0.0,0.0,0.0,-1859.8398528280068,-1863.778038114453,-3.9381852864462417,3735.4705776698993,3869.6739243538796,-134.20334668398027,3723.6797056560135,3763.556076228906,-39.87637057289248,10,2,0.2,ok
no_wake,-3,lag_m3,MCEEG_next,D0_MCEEG_next_given_MCEEG,D1_MCEEG_next_given_MCEEG_RNG,True,False,0.8,0.0,-0.8,-3314.352501537434,-3419.459745419169,-105.10724388173503,7197.630824408318,7976.2906882032075,-778.6598637948891,6772.705003074868,7126.919490838338,-354.21448776347006,10,0,0.0,ok
no_wake,-3,lag_m3,RNG_next,C2_RNG_next_given_RNG,D2_RNG_next_given_RNG_MCEEG,True,False,0.0,0.0,0.0,-1862.4991650226727,-1863.1306815029202,-0.6315164802474555,3740.792179357883,3868.40600681868,-127.61382746079698,3728.9983300453455,3762.2613630058404,-33.26303296049491,10,0,0.0,ok
no_wake,-1,lag_m1,MCEEG_next,D0_MCEEG_next_given_MCEEG,D1_MCEEG_next_given_MCEEG_RNG,True,False,0.8,0.8,0.0,-3314.352501537434,-3373.829826100261,-59.47732456282711,7197.630824408318,7885.40466768743,-687.773843279112,6772.705003074868,7035.659652200522,-262.9546491256542,10,1,0.1,ok
no_wake,-1,lag_m1,RNG_next,C2_RNG_next_given_RNG,D2_RNG_next_given_RNG_MCEEG,True,False,0.0,0.0,0.0,-1867.350147216014,-1868.958885733672,-1.6087385176581392,3750.4993433760924,3880.109211963924,-129.60986858783144,3738.700294432028,3773.917771467344,-35.21747703531628,10,3,0.3,ok
no_wake,0,lag_0,MCEEG_next,D0_MCEEG_next_given_MCEEG,D1_MCEEG_next_given_MCEEG_RNG,True,False,0.8,0.0,-0.8,-3314.352501537434,-3473.119515983499,-158.76701444606488,7197.630824408318,8084.090674633899,-886.4598502255803,6772.705003074868,7234.239031966998,-461.53402889212975,10,0,0.0,ok
no_wake,0,lag_0,RNG_next,C2_RNG_next_given_RNG,D2_RNG_next_given_RNG_MCEEG,True,False,0.0,0.0,0.0,-1870.0504208475213,-1874.5067493612974,-4.456328513776043,3755.9028557990273,3891.231625658458,-135.32876985943085,3744.1008416950426,3785.0134987225947,-40.912657027552086,10,1,0.1,ok
no_wake,1,lag_p1,MCEEG_next,D0_MCEEG_next_given_MCEEG,D1_MCEEG_next_given_MCEEG_RNG,True,False,0.8,0.8,0.0,-3314.352501537434,-3386.859973640424,-72.50747210299005,7197.630824408318,7911.464962767756,-713.8341383594379,6772.705003074868,7061.719947280848,-289.0149442059801,10,1,0.1,ok
no_wake,1,lag_p1,RNG_next,C2_RNG_next_given_RNG,D2_RNG_next_given_RNG_MCEEG,True,False,0.0,0.0,0.0,-1867.2910193462471,-1872.5245951342972,-5.233575788050075,3750.3810876365587,3887.240630765174,-136.85954312861531,3738.5820386924943,3781.0491902685944,-42.46715157610015,10,2,0.2,ok
no_wake,3,lag_p3,MCEEG_next,D0_MCEEG_next_given_MCEEG,D1_MCEEG_next_given_MCEEG_RNG,True,False,0.8,0.8,0.0,-3314.352501537434,-3333.953547223814,-19.601045686380075,7197.630824408318,7805.278291812498,-607.6474674041792,6772.705003074868,6955.907094447628,-183.20209137276015,10,0,0.0,ok
no_wake,3,lag_p3,RNG_next,C2_RNG_next_given_RNG,D2_RNG_next_given_RNG_MCEEG,True,False,0.0,0.0,0.0,-1862.4838666811643,-1864.2511372024728,-1.7672705213085464,3740.761582674866,3870.6469182177852,-129.88533554291917,3728.9677333623285,3764.5022744049456,-35.53454104261709,10,1,0.1,ok
no_wake,5,lag_p5,MCEEG_next,D0_MCEEG_next_given_MCEEG,D1_MCEEG_next_given_MCEEG_RNG,True,False,0.8,0.8,0.0,-3314.352501537434,-3350.594115622811,-36.24161408537702,7197.630824408318,7838.2382388862525,-640.6074144779341,6772.705003074868,6989.188231245622,-216.48322817075405,10,0,0.0,ok
no_wake,5,lag_p5,RNG_next,C2_RNG_next_given_RNG,D2_RNG_next_given_RNG_MCEEG,True,False,0.0,0.0,0.0,-1859.721508032816,-1863.4052483873413,-3.6837403545252982,3735.233888079518,3868.928344899656,-133.69445682013838,3723.443016065632,3762.8104967746826,-39.3674807090506,10,2,0.2,ok
rem_only,-5,lag_m5,MCEEG_next,D0_MCEEG_next_given_MCEEG,D1_MCEEG_next_given_MCEEG_RNG,True,False,0.0,0.0,0.0,-552.6546234530845,-632.5558608909572,-79.90123743787274,1461.3484138306226,1929.7324168617974,-468.38400303117487,1217.309246906169,1475.1117217819144,-257.8024748757455,10,1,0.1,ok
rem_only,-5,lag_m5,RNG_next,C2_RNG_next_given_RNG,D2_RNG_next_given_RNG_MCEEG,True,False,0.8,0.8,0.0,-387.4531803880686,-406.37425277442674,-18.921072386358162,787.5658025871826,907.6943191316939,-120.12851654451129,778.9063607761371,842.7485055488535,-63.842144772716324,10,1,0.1,ok
rem_only,-3,lag_m3,MCEEG_next,D0_MCEEG_next_given_MCEEG,D1_MCEEG_next_given_MCEEG_RNG,True,False,0.0,0.0,0.0,-552.6546234530845,-606.8684739898882,-54.21385053680376,1461.3484138306226,1879.4746748711905,-418.1262610405679,1217.309246906169,1423.7369479797765,-206.42770107360752,10,0,0.0,ok
rem_only,-3,lag_m3,RNG_next,C2_RNG_next_given_RNG,D2_RNG_next_given_RNG_MCEEG,True,False,0.8,0.0,-0.8,-389.74148056042463,-396.7027969251835,-6.961316364758886,792.1530696238453,888.4314076228379,-96.27833799899258,783.4829611208493,823.405593850367,-39.92263272951777,10,2,0.2,ok
rem_only,-1,lag_m1,MCEEG_next,D0_MCEEG_next_given_MCEEG,D1_MCEEG_next_given_MCEEG_RNG,True,False,0.0,0.0,0.0,-552.6546234530845,-620.9404306132865,-68.28580716020201,1461.3484138306226,1864.6091252247134,-403.2607113940908,1217.309246906169,1437.880861226573,-220.57161432040402,10,0,0.0,ok
rem_only,-1,lag_m1,RNG_next,C2_RNG_next_given_RNG,D2_RNG_next_given_RNG_MCEEG,True,False,0.8,0.0,-0.8,-395.8739859380326,-399.63534518737777,-3.761359249345162,804.4497433094947,888.1830904087619,-83.73334709926723,795.7479718760652,827.2706903747555,-31.522718498690324,10,0,0.0,ok
rem_only,0,lag_0,MCEEG_next,D0_MCEEG_next_given_MCEEG,D1_MCEEG_next_given_MCEEG_RNG,True,False,0.0,0.0,0.0,-552.6546234530845,-610.0056861702865,-57.35106271720201,1461.3484138306226,1843.0799144583666,-381.731500627744,1217.309246906169,1416.011372340573,-198.70212543440402,10,0,0.0,ok
rem_only,0,lag_0,RNG_next,C2_RNG_next_given_RNG,D2_RNG_next_given_RNG_MCEEG,True,False,0.8,0.0,-0.8,-397.17740833073833,-405.9093114416844,-8.731903110946064,807.0635567430713,900.7798034545317,-93.71624671146037,798.3548166614767,839.8186228833688,-41.46380622189213,10,0,0.0,ok
rem_only,1,lag_p1,MCEEG_next,D0_MCEEG_next_given_MCEEG,D1_MCEEG_next_given_MCEEG_RNG,True,False,0.0,0.8,0.8,-552.6546234530845,-589.1505727897484,-36.4959493366639,1461.3484138306226,1801.0294095776371,-339.68099574701455,1217.309246906169,1374.3011455794967,-156.9918986733278,10,1,0.1,ok
rem_only,1,lag_p1,RNG_next,C2_RNG_next_given_RNG,D2_RNG_next_given_RNG_MCEEG,True,False,0.8,0.8,0.0,-395.7316196051852,-452.3158366238851,-56.58421701869992,804.1650106437999,993.5440732817766,-189.37906263797674,795.4632392103704,932.6316732477702,-137.16843403739983,10,2,0.2,ok
rem_only,3,lag_p3,MCEEG_next,D0_MCEEG_next_given_MCEEG,D1_MCEEG_next_given_MCEEG_RNG,True,False,0.0,0.8,0.8,-552.6546234530845,-596.59749414457,-43.942870691485496,1461.3484138306226,1858.9327151805537,-397.58430134993114,1217.309246906169,1403.19498828914,-185.885741382971,10,1,0.1,ok
rem_only,3,lag_p3,RNG_next,C2_RNG_next_given_RNG,D2_RNG_next_given_RNG_MCEEG,True,False,0.8,0.0,-0.8,-389.8326132173205,-397.1854249117602,-7.352811694439708,792.3353349376371,889.3966635959913,-97.06132865835423,783.665226434641,824.3708498235204,-40.70562338887942,10,0,0.0,ok
rem_only,5,lag_p5,MCEEG_next,D0_MCEEG_next_given_MCEEG,D1_MCEEG_next_given_MCEEG_RNG,True,False,0.0,0.0,0.0,-552.6546234530845,-559.84431352568,-7.1896900725955675,1461.3484138306226,1784.309322131243,-322.96090830062053,1217.309246906169,1329.68862705136,-112.37938014519113,10,1,0.1,ok
rem_only,5,lag_p5,RNG_next,C2_RNG_next_given_RNG,D2_RNG_next_given_RNG_MCEEG,True,False,0.8,0.0,-0.8,-387.5256291292611,-393.5753226426782,-6.049693513417083,787.7107000695677,882.0964588681968,-94.38575879862913,779.0512582585222,817.1506452853564,-38.099387026834165,10,0,0.0,ok
stable_sleep,-5,lag_m5,MCEEG_next,D0_MCEEG_next_given_MCEEG,D1_MCEEG_next_given_MCEEG_RNG,True,False,0.8,0.8,0.0,-2596.00454148805,-2643.1707055736156,-47.16616408556547,5732.799481121115,6366.815117964443,-634.0156368433281,5336.0090829761,5574.341411147231,-238.33232817113094,10,0,0.0,ok
stable_sleep,-5,lag_m5,RNG_next,C2_RNG_next_given_RNG,D2_RNG_next_given_RNG_MCEEG,True,False,0.0,0.0,0.0,-1256.0752908802137,-1261.2247796766776,-5.1494887964638565,2527.1538506761945,2657.4789795952565,-130.32512891906208,2516.1505817604275,2558.449559353355,-42.29897759292771,10,2,0.2,ok
stable_sleep,-3,lag_m3,MCEEG_next,D0_MCEEG_next_given_MCEEG,D1_MCEEG_next_given_MCEEG_RNG,True,False,0.8,0.8,0.0,-2596.00454148805,-2656.33626465791,-60.33172316985974,5732.799481121115,6393.779900521886,-660.9804194007711,5336.0090829761,5600.67252931582,-264.6634463397195,10,0,0.0,ok
stable_sleep,-3,lag_m3,RNG_next,C2_RNG_next_given_RNG,D2_RNG_next_given_RNG_MCEEG,True,False,0.0,0.0,0.0,-1260.7020983725606,-1264.241619257015,-3.539520884454305,2536.415181294596,2663.5820994593037,-127.16691816470757,2525.404196745121,2564.48323851403,-39.07904176890861,10,4,0.4,ok
stable_sleep,-1,lag_m1,MCEEG_next,D0_MCEEG_next_given_MCEEG,D1_MCEEG_next_given_MCEEG_RNG,True,False,0.8,0.8,0.0,-2596.00454148805,-2694.576064149556,-98.5715226615057,5732.799481121115,6470.654128417545,-737.8546472964299,5336.0090829761,5677.152128299112,-341.1430453230114,10,0,0.0,ok
stable_sleep,-1,lag_m1,RNG_next,C2_RNG_next_given_RNG,D2_RNG_next_given_RNG_MCEEG,True,False,0.0,0.8,0.8,-1264.8369547313305,-1267.4463711147932,-2.609416383462758,2544.6914838039297,2670.0509113010035,-125.35942749707374,2533.673909462661,2570.8927422295865,-37.218832766925516,10,3,0.3,ok
stable_sleep,0,lag_0,MCEEG_next,D0_MCEEG_next_given_MCEEG,D1_MCEEG_next_given_MCEEG_RNG,True,False,0.8,0.8,0.0,-2596.00454148805,-2749.415879775259,-153.41133828720876,5732.799481121115,6580.412555840548,-847.6130747194329,5336.0090829761,5786.831759550518,-450.8226765744175,10,1,0.1,ok
stable_sleep,0,lag_0,RNG_next,C2_RNG_next_given_RNG,D2_RNG_next_given_RNG_MCEEG,True,False,0.0,0.0,0.0,-1267.0309236091891,-1268.5660978381984,-1.5351742290092716,2549.082708331134,2672.3199456912007,-123.2372373600665,2538.0618472183783,2573.132195676397,-35.07034845801854,10,4,0.4,ok
stable_sleep,1,lag_p1,MCEEG_next,D0_MCEEG_next_given_MCEEG,D1_MCEEG_next_given_MCEEG_RNG,True,False,0.8,0.8,0.0,-2596.00454148805,-2701.086631224756,-105.08208973670571,5732.799481121115,6483.675262567945,-750.8757814468299,5336.0090829761,5690.173262449512,-354.1641794734114,10,1,0.1,ok
stable_sleep,1,lag_p1,RNG_next,C2_RNG_next_given_RNG,D2_RNG_next_given_RNG_MCEEG,True,False,0.0,0.0,0.0,-1264.933078488485,-1268.8822434428264,-3.949164954341313,2544.883731318239,2672.9226559570698,-128.03892463883085,2533.86615697697,2573.764486885653,-39.898329908682626,10,3,0.3,ok
stable_sleep,3,lag_p3,MCEEG_next,D0_MCEEG_next_given_MCEEG,D1_MCEEG_next_given_MCEEG_RNG,True,False,0.8,0.8,0.0,-2596.00454148805,-2686.0394014782214,-90.0348599901713,5732.799481121115,6453.186174162509,-720.3866930413942,5336.0090829761,5660.078802956443,-324.0697199803426,10,1,0.1,ok
stable_sleep,3,lag_p3,RNG_next,C2_RNG_next_given_RNG,D2_RNG_next_given_RNG_MCEEG,True,False,0.0,0.8,0.8,-1260.8276515709117,-1269.8657493766013,-9.038097805689631,2536.6662876912983,2674.8303596984765,-138.16407200717822,2525.6553031418234,2575.7314987532027,-50.07619561137926,10,2,0.2,ok
stable_sleep,5,lag_p5,MCEEG_next,D0_MCEEG_next_given_MCEEG,D1_MCEEG_next_given_MCEEG_RNG,True,False,0.8,0.8,0.0,-2596.00454148805,-2657.924251555584,-61.91971006753374,5732.799481121115,6396.322209928379,-663.5227288072647,5336.0090829761,5603.848503111168,-267.8394201350675,10,1,0.1,ok
stable_sleep,5,lag_p5,RNG_next,C2_RNG_next_given_RNG,D2_RNG_next_given_RNG_MCEEG,True,False,0.0,0.0,0.0,-1256.0094867370753,-1259.8123058048755,-3.802819067800101,2527.0222423899177,2654.6540318516522,-127.63178946173457,2516.0189734741507,2555.624611609751,-39.6056381356002,10,3,0.3,ok
transition_epochs,-5,lag_m5,MCEEG_next,D0_MCEEG_next_given_MCEEG,D1_MCEEG_next_given_MCEEG_RNG,True,False,0.8,0.8,0.0,-1724.8611919086518,-1759.4099849264808,-34.548793017828984,3967.288100845084,4552.42063778507,-585.1325369399856,3593.7223838173036,3806.8199698529615,-213.09758603565797,10,0,0.0,ok
transition_epochs,-5,lag_m5,RNG_next,C2_RNG_next_given_RNG,D2_RNG_next_given_RNG_MCEEG,True,False,0.0,0.0,0.0,-902.7858142160596,-907.3150083074006,-4.529194091340969,1819.919545071633,1943.7612663704235,-123.84172129879062,1809.5716284321193,1850.6300166148012,-41.05838818268194,10,2,0.2,ok
transition_epochs,-3,lag_m3,MCEEG_next,D0_MCEEG_next_given_MCEEG,D1_MCEEG_next_given_MCEEG_RNG,True,False,0.8,0.0,-0.8,-1724.8611919086518,-1805.1431807472488,-80.28198883859704,3967.288100845084,4644.106709103078,-676.8186082579941,3593.7223838173036,3898.2863614944977,-304.5639776771941,10,1,0.1,ok
transition_epochs,-3,lag_m3,RNG_next,C2_RNG_next_given_RNG,D2_RNG_next_given_RNG_MCEEG,True,False,0.0,0.0,0.0,-907.0850891282129,-911.0252623191849,-3.9401731909720183,1828.5272692239532,1951.2643433461164,-122.73707412216322,1818.1701782564257,1858.0505246383698,-39.88034638194404,10,1,0.1,ok
transition_epochs,-1,lag_m1,MCEEG_next,D0_MCEEG_next_given_MCEEG,D1_MCEEG_next_given_MCEEG_RNG,True,False,0.8,0.8,0.0,-1724.8611919086518,-1804.2243596005947,-79.36316769194286,3967.288100845084,4643.253499052404,-675.9653982073196,3593.7223838173036,3896.4487192011893,-302.7263353838857,10,0,0.0,ok
transition_epochs,-1,lag_m1,RNG_next,C2_RNG_next_given_RNG,D2_RNG_next_given_RNG_MCEEG,True,False,0.0,0.0,0.0,-910.4277042361445,-911.488217358856,-1.0605131227115407,1835.2201126960595,1952.2587727316468,-117.03866003558733,1824.855408472289,1858.976434717712,-34.12102624542308,10,2,0.2,ok
transition_epochs,0,lag_0,MCEEG_next,D0_MCEEG_next_given_MCEEG,D1_MCEEG_next_given_MCEEG_RNG,True,False,0.8,0.0,-0.8,-1724.8611919086518,-1780.918449878138,-56.05725796948627,3967.288100845084,4596.9683338118375,-629.6802329667535,3593.7223838173036,3849.836899756276,-256.11451593897254,10,0,0.0,ok
transition_epochs,0,lag_0,RNG_next,C2_RNG_next_given_RNG,D2_RNG_next_given_RNG_MCEEG,True,False,0.0,0.0,0.0,-913.903282670096,-917.0317903237772,-3.1285076536811403,1842.1788539492368,1963.414178128956,-121.23532417971933,1831.806565340192,1870.0635806475543,-38.25701530736228,10,2,0.2,ok
transition_epochs,1,lag_p1,MCEEG_next,D0_MCEEG_next_given_MCEEG,D1_MCEEG_next_given_MCEEG_RNG,True,False,0.8,0.8,0.0,-1724.8611919086518,-1735.6393232703213,-10.778131361669466,3967.288100845084,4506.083426391857,-538.7953255467728,3593.7223838173036,3759.2786465406425,-165.55626272333893,10,0,0.0,ok
transition_epochs,1,lag_p1,RNG_next,C2_RNG_next_given_RNG,D2_RNG_next_given_RNG_MCEEG,True,False,0.0,0.0,0.0,-910.4727122233502,-910.084438681902,0.3882735414481431,1835.310128670471,1949.451215377739,-114.14108670726796,1824.9454244467004,1856.168877363804,-31.223452917103714,10,1,0.1,ok
transition_epochs,3,lag_p3,MCEEG_next,D0_MCEEG_next_given_MCEEG,D1_MCEEG_next_given_MCEEG_RNG,True,False,0.8,0.0,-0.8,-1724.8611919086518,-1737.849881102924,-12.988689194272183,3967.288100845084,4509.520109814429,-542.2320089693449,3593.7223838173036,3763.699762205848,-169.97737838854437,10,0,0.0,ok
transition_epochs,3,lag_p3,RNG_next,C2_RNG_next_given_RNG,D2_RNG_next_given_RNG_MCEEG,True,False,0.0,0.0,0.0,-907.2832466576041,-909.1623434950448,-1.8790968374406702,1828.9235842827356,1947.5385056978362,-118.61492141510053,1818.5664933152082,1854.3246869900895,-35.75819367488134,10,2,0.2,ok
transition_epochs,5,lag_p5,MCEEG_next,D0_MCEEG_next_given_MCEEG,D1_MCEEG_next_given_MCEEG_RNG,True,False,0.8,0.8,0.0,-1724.8611919086518,-1705.0134372225273,19.847754686124517,3967.288100845084,4443.627542377163,-476.33944153207904,3593.7223838173036,3698.0268744450545,-104.30449062775097,10,0,0.0,ok
transition_epochs,5,lag_p5,RNG_next,C2_RNG_next_given_RNG,D2_RNG_next_given_RNG_MCEEG,True,False,0.0,0.0,0.0,-903.1284559503671,-903.655504077753,-0.5270481273859104,1820.6048285402478,1936.4422579111283,-115.8374293708805,1810.2569119007342,1843.311008155506,-33.05409625477182,10,1,0.1,ok
