model,label,family,regime,lag_epochs,lag_label,valid,n_rows_total,n_rows_model,n_train,n_calib,n_test,n_current_states,n_target_states,n_params,eps_train,eps_calib,eps_candidate,eps_test,eps_saturated,ll_train,ll_calib,ll_calib_eps0,ll_calib_gain_from_eps,ll_test,ll_test_eps0,ll_test_gain_from_eps,bic_test,aic_test,transitions_per_current_state,reason
C0_EEG_next_given_EEG,EEG self-transition baseline,EEG_next,deep_sleep,-5,lag_m5,True,1267,1217,607,241,369,6,8,42,0.0,0.8,0.8,0.8,True,-643.0783648698962,-386.60481523047747,-412.8618847061048,26.257069475627304,-688.845493702497,-712.1927928563705,23.34729915387345,1625.9444464546962,1461.690987404994,101.16666666666667,ok
C1_EEG_next_given_EEG_RNG,EEG transition conditioned by RNG,EEG_next,deep_sleep,-5,lag_m5,True,1267,1217,607,241,369,12,8,84,0.0,0.8,0.8,0.0,True,-628.9584918543339,-375.3146108022446,-410.5458060362654,35.23119523402079,-715.9240445398832,-715.9240445398832,0.0,1928.3550071791706,1599.8480890797664,50.583333333333336,ok
C2_RNG_next_given_RNG,RNG self-transition baseline,RNG_next,deep_sleep,-5,lag_m5,True,1267,1207,600,238,369,2,2,2,0.0,0.8,0.8,0.8,True,-414.42415204575104,-164.6803508739093,-165.89611869993234,1.2157678260230398,-256.28283355987213,-256.3017630037252,0.018929443853096473,524.3872604078254,516.5656671197443,300.0,ok
C3_RNG_next_given_RNG_EEG,RNG transition conditioned by EEG,RNG_next,deep_sleep,-5,lag_m5,True,1267,1207,600,238,369,12,2,12,0.0,0.8,0.8,0.0,True,-408.3579042047329,-159.66264096920352,-167.4762941338889,7.813653164685377,-262.00684410666656,-262.00684410666656,0.0,594.9432479418194,548.0136882133331,50.0,ok
C0_EEG_next_given_EEG,EEG self-transition baseline,EEG_next,deep_sleep,-3,lag_m3,True,1267,1237,617,243,377,6,8,42,0.0,0.8,0.8,0.8,True,-654.2635065874808,-362.19673656030307,-388.6989639013338,26.502227341030732,-736.7582634024004,-748.924333297215,12.166069894814541,1722.6708246776172,1557.5165268048008,102.83333333333333,ok
C1_EEG_next_given_EEG_RNG,EEG transition conditioned by RNG,EEG_next,deep_sleep,-3,lag_m3,True,1267,1237,617,243,377,12,8,84,0.0,0.8,0.8,0.0,True,-644.2859939923777,-347.9219465275106,-386.75205760968356,38.83011108217295,-794.629702785765,-794.629702785765,0.0,2087.5680013171627,1757.25940557153,51.416666666666664,ok
C2_RNG_next_given_RNG,RNG self-transition baseline,RNG_next,deep_sleep,-3,lag_m3,True,1267,1227,610,243,374,2,2,2,0.0,0.8,0.8,0.8,True,-421.2050185459843,-168.27058714961038,-169.4435174110376,1.1729302614272115,-259.54239852443465,-260.24269581486533,0.700297290430683,530.9333086436984,523.0847970488693,305.0,ok
C3_RNG_next_given_RNG_EEG,RNG transition conditioned by EEG,RNG_next,deep_sleep,-3,lag_m3,True,1267,1227,610,243,374,12,2,12,0.0,0.8,0.8,0.0,True,-416.41411199221403,-162.54876469996313,-171.81703448213528,9.268269782172155,-267.3261858465209,-267.3261858465209,0.0,605.7434412620162,558.6523716930418,50.833333333333336,ok
C0_EEG_next_given_EEG,EEG self-transition baseline,EEG_next,deep_sleep,-1,lag_m1,True,1267,1257,627,247,383,6,8,42,0.0,0.8,0.8,0.8,True,-674.5960745062084,-365.2189127581549,-392.04685813370367,26.82794537554878,-742.9348049565132,-752.7847466722739,9.849941715760679,1735.6870794586134,1569.8696099130264,104.5,ok
C1_EEG_next_given_EEG_RNG,EEG transition conditioned by RNG,EEG_next,deep_sleep,-1,lag_m1,True,1267,1257,627,247,383,12,8,84,0.0,0.8,0.8,0.0,True,-658.0693003025306,-361.7981330564632,-408.8065039330307,47.00837087656748,-826.1809149256035,-826.1809149256035,0.0,2151.996768942381,1820.361829851207,52.25,ok
C2_RNG_next_given_RNG,RNG self-transition baseline,RNG_next,deep_sleep,-1,lag_m1,True,1267,1247,620,245,382,2,2,2,0.0,0.8,0.8,0.8,True,-428.40151383697344,-169.72765683231546,-170.25537544267428,0.5277186103588178,-265.057033812436,-265.6884165062488,0.6313826938128386,542.0049088420851,534.114067624872,310.0,ok
C3_RNG_next_given_RNG_EEG,RNG transition conditioned by EEG,RNG_next,deep_sleep,-1,lag_m1,True,1267,1247,620,245,382,12,2,12,0.0,0.8,0.8,0.0,True,-421.4238714812946,-162.734268263925,-173.78085958811548,11.046591324190473,-272.2880114653097,-272.2880114653097,0.0,615.9210702338983,568.5760229306194,51.666666666666664,ok
C0_EEG_next_given_EEG,EEG self-transition baseline,EEG_next,deep_sleep,0,lag_0,True,1267,1267,630,250,387,6,8,42,0.0,0.8,0.8,0.8,True,-682.9319468951587,-339.90814748384685,-365.42125693320526,25.51310944935841,-773.4198708901488,-782.9776965835695,9.557825693420682,1797.0935788875483,1630.8397417802976,105.0,ok
C1_EEG_next_given_EEG_RNG,EEG transition conditioned by RNG,EEG_next,deep_sleep,0,lag_0,True,1267,1267,630,250,387,12,8,84,0.0,0.8,0.8,0.0,True,-670.309309893844,-322.57415825546536,-363.95293358031637,41.378775324851006,-795.5146436186849,-795.5146436186849,0.0,2091.5369614518713,1759.0292872373698,52.5,ok
C2_RNG_next_given_RNG,RNG self-transition baseline,RNG_next,deep_sleep,0,lag_0,True,1267,1257,627,247,383,2,2,2,0.0,0.8,0.8,0.8,True,-433.2848376896753,-170.97779512328455,-171.3784287520957,0.4006336288111356,-266.1008506088136,-266.3086360899212,0.20778548110763495,544.0977711959885,536.2017012176271,313.5,ok
C3_RNG_next_given_RNG_EEG,RNG transition conditioned by EEG,RNG_next,deep_sleep,0,lag_0,True,1267,1257,627,247,383,12,2,12,0.0,0.8,0.8,0.0,True,-427.54622986364376,-161.9964211554472,-178.87270414801975,16.876282992572555,-267.41060162179105,-267.41060162179105,0.0,606.1976231137498,558.8212032435821,52.25,ok
C0_EEG_next_given_EEG,EEG self-transition baseline,EEG_next,deep_sleep,1,lag_p1,True,1267,1257,627,247,383,6,8,42,0.0,0.8,0.8,0.8,True,-679.9218492635201,-336.44088380192306,-362.8163791061661,26.37549530424303,-688.3662584904026,-698.4107111441951,10.044452653792519,1626.5499865263923,1460.7325169808053,104.5,ok
C1_EEG_next_given_EEG_RNG,EEG transition conditioned by RNG,EEG_next,deep_sleep,1,lag_p1,True,1267,1257,627,247,383,12,8,84,0.0,0.8,0.8,0.0,True,-663.4980393708396,-328.2347464211917,-374.114165493656,45.879419072464316,-735.712298206156,-735.712298206156,0.0,1971.0595355034861,1639.424596412312,52.25,ok
C2_RNG_next_given_RNG,RNG self-transition baseline,RNG_next,deep_sleep,1,lag_p1,True,1267,1247,620,245,382,2,2,2,0.0,0.8,0.8,0.0,True,-428.8450198609557,-169.55974642814132,-169.6991651249913,0.13941869684998665,-265.46422968209566,-265.46422968209566,0.0,542.8193005814045,534.9284593641913,310.0,ok
C3_RNG_next_given_RNG_EEG,RNG transition conditioned by EEG,RNG_next,deep_sleep,1,lag_p1,True,1267,1247,620,245,382,12,2,12,0.0,0.8,0.8,0.0,True,-426.3860340832921,-162.90353932691352,-171.6334468198997,8.729907492986172,-269.0001655747038,-269.0001655747038,0.0,609.3453784526864,562.0003311494075,51.666666666666664,ok
C0_EEG_next_given_EEG,EEG self-transition baseline,EEG_next,deep_sleep,3,lag_p3,True,1267,1237,617,243,377,6,8,42,0.0,0.8,0.8,0.8,True,-669.2735192188954,-329.2132603802144,-357.1915543667406,27.978293986526182,-622.4256915427175,-639.2509648266293,16.825273283911883,1494.0056809582513,1328.851383085435,102.83333333333333,ok
C1_EEG_next_given_EEG_RNG,EEG transition conditioned by RNG,EEG_next,deep_sleep,3,lag_p3,True,1267,1237,617,243,377,12,8,84,0.0,0.8,0.8,0.0,True,-651.6351514506936,-354.8311188057463,-412.6213260070086,57.79020720126226,-685.6408949981701,-685.6408949981701,0.0,1869.590385741973,1539.2817899963402,51.416666666666664,ok
C2_RNG_next_given_RNG,RNG self-transition baseline,RNG_next,deep_sleep,3,lag_p3,True,1267,1227,610,243,374,2,2,2,0.0,0.8,0.8,0.0,True,-421.89134740571353,-168.17492880327,-168.3222832582357,0.14735445496569355,-259.84705085893165,-259.84705085893165,0.0,531.5426133126924,523.6941017178633,305.0,ok
C3_RNG_next_given_RNG_EEG,RNG transition conditioned by EEG,RNG_next,deep_sleep,3,lag_p3,True,1267,1227,610,243,374,12,2,12,0.0,0.8,0.8,0.0,True,-420.1392983172596,-164.07876639030496,-170.0657929817743,5.987026591469345,-260.73741070622805,-260.73741070622805,0.0,592.5658909814305,545.4748214124561,50.833333333333336,ok
C0_EEG_next_given_EEG,EEG self-transition baseline,EEG_next,deep_sleep,5,lag_p5,True,1267,1217,607,241,369,6,8,42,0.0,0.8,0.8,0.8,True,-653.326254932475,-330.70276450468697,-361.8256419675157,31.12287746282874,-618.7157877171626,-627.7439971864565,9.02820946929387,1485.6850344840273,1321.4315754343252,101.16666666666667,ok
C1_EEG_next_given_EEG_RNG,EEG transition conditioned by RNG,EEG_next,deep_sleep,5,lag_p5,True,1267,1217,607,241,369,12,8,84,0.0,0.8,0.8,0.0,True,-640.9452151856107,-321.1766165478883,-364.89335057197667,43.716734024088396,-630.6541037171725,-630.6541037171725,0.0,1757.8151255337493,1429.308207434345,50.583333333333336,ok
C2_RNG_next_given_RNG,RNG self-transition baseline,RNG_next,deep_sleep,5,lag_p5,True,1267,1207,600,238,369,2,2,2,0.0,0.8,0.8,0.0,True,-414.7047869971978,-164.53904880406492,-164.82512734824797,0.2860785441830558,-256.6022958143701,-256.6022958143701,0.0,525.0261849168213,517.2045916287402,300.0,ok
C3_RNG_next_given_RNG_EEG,RNG transition conditioned by EEG,RNG_next,deep_sleep,5,lag_p5,True,1267,1207,600,238,369,12,2,12,0.0,0.8,0.8,0.0,True,-409.77876014843486,-159.36670321333042,-165.60453441610858,6.237831202778153,-259.4349244562656,-259.4349244562656,0.0,589.7994086410175,542.8698489125312,50.0,ok
C0_EEG_next_given_EEG,EEG self-transition baseline,EEG_next,full,-5,lag_m5,True,27597,27537,13767,5502,8268,9,9,72,0.0,0.8,0.8,0.0,True,-18468.99721203711,-7659.094285845462,-8063.540921225638,404.4466353801763,-12016.061146527578,-12016.061146527578,0.0,24681.572943352876,24176.122293055156,1529.6666666666667,ok
C1_EEG_next_given_EEG_RNG,EEG transition conditioned by RNG,EEG_next,full,-5,lag_m5,True,27597,27537,13767,5502,8268,18,9,144,0.0,0.8,0.8,0.0,True,-18437.006464597373,-7643.976564771338,-8116.948732739585,472.97216796824614,-12195.616825200534,-12195.616825200534,0.0,25690.134950996508,24679.233650401067,764.8333333333334,ok
C2_RNG_next_given_RNG,RNG self-transition baseline,RNG_next,full,-5,lag_m5,True,27597,27537,13767,5502,8268,2,2,2,0.0,0.8,0.8,0.0,True,-9542.034837400819,-3813.1545216470013,-3813.3423409537104,0.18781930670911606,-5733.4971221286005,-5733.4971221286005,0.0,11485.034540098804,11470.994244257201,6883.5,ok
C3_RNG_next_given_RNG_EEG,RNG transition conditioned by EEG,RNG_next,full,-5,lag_m5,True,27597,27537,13767,5502,8268,18,2,18,0.0,0.8,0.8,0.0,True,-9534.503935420356,-3801.405005271585,-3820.0074872992323,18.602482027647056,-5736.005570567449,-5736.005570567449,0.0,11634.373803709326,11508.011141134897,764.8333333333334,ok
C0_EEG_next_given_EEG,EEG self-transition baseline,EEG_next,full,-3,lag_m3,True,27597,27557,13777,5508,8272,9,9,72,0.0,0.8,0.8,0.0,True,-18497.811441785652,-7645.935344493067,-8046.320591199481,400.38524670641436,-12020.91162221892,-12020.91162221892,0.0,24691.30871940371,24185.82324443784,1530.7777777777778,ok
C1_EEG_next_given_EEG_RNG,EEG transition conditioned by RNG,EEG_next,full,-3,lag_m3,True,27597,27557,13777,5508,8272,18,9,144,0.0,0.8,0.8,0.0,True,-18459.955507458173,-7677.108217790197,-8144.670489798614,467.5622720084166,-12161.017986228786,-12161.017986228786,0.0,25621.006922389315,24610.035972457572,765.3888888888889,ok
C2_RNG_next_given_RNG,RNG self-transition baseline,RNG_next,full,-3,lag_m3,True,27597,27557,13777,5508,8272,2,2,2,0.0,0.8,0.8,0.0,True,-9548.973691530946,-3817.2652264746603,-3817.4779680689503,0.21274159429003703,-5736.278245030895,-5736.278245030895,0.0,11490.597753255286,11476.55649006179,6888.5,ok
C3_RNG_next_given_RNG_EEG,RNG transition conditioned by EEG,RNG_next,full,-3,lag_m3,True,27597,27557,13777,5508,8272,18,2,18,0.0,0.8,0.8,0.0,True,-9541.542021700778,-3810.4023899671233,-3823.168925397138,12.766535430014756,-5735.89909305819,-5735.89909305819,0.0,11634.169554857848,11507.79818611638,765.3888888888889,ok
C0_EEG_next_given_EEG,EEG self-transition baseline,EEG_next,full,-1,lag_m1,True,27597,27577,13787,5512,8278,9,9,72,0.0,0.8,0.8,0.0,True,-18519.331109243736,-7653.899201296313,-8054.099546760161,400.20034546384795,-12032.984988848308,-12032.984988848308,0.0,24715.50765810284,24209.969977696615,1531.888888888889,ok
C1_EEG_next_given_EEG_RNG,EEG transition conditioned by RNG,EEG_next,full,-1,lag_m1,True,27597,27577,13787,5512,8278,18,9,144,0.0,0.8,0.8,0.0,True,-18486.34882856643,-7657.156935130243,-8112.727530135751,455.57059500550804,-12186.599058415359,-12186.599058415359,0.0,25672.273477643168,24661.198116830717,765.9444444444445,ok
C2_RNG_next_given_RNG,RNG self-transition baseline,RNG_next,full,-1,lag_m1,True,27597,27577,13787,5512,8278,2,2,2,0.0,0.8,0.8,0.8,True,-9555.90486165848,-3820.036429409209,-3820.3307155709017,0.29428616169252564,-5740.343596122611,-5740.470042103689,0.1264459810772678,11498.72990558984,11484.687192245223,6893.5,ok
C3_RNG_next_given_RNG_EEG,RNG transition conditioned by EEG,RNG_next,full,-1,lag_m1,True,27597,27577,13787,5512,8278,18,2,18,0.0,0.8,0.8,0.8,True,-9548.54179982809,-3812.458259677383,-3822.539957610953,10.081697933570013,-5736.7410789398955,-5741.094213925121,4.353134985225552,11635.866577981347,11509.482157879791,765.9444444444445,ok
C0_EEG_next_given_EEG,EEG self-transition baseline,EEG_next,full,0,lag_0,True,27597,27587,13790,5512,8285,9,9,72,0.0,0.8,0.8,0.0,True,-18520.225361564204,-7657.215797189299,-8056.048467710309,398.8326705210093,-12038.346329061376,-12038.346329061376,0.0,24726.291197072722,24220.692658122753,1532.2222222222222,ok
C1_EEG_next_given_EEG_RNG,EEG transition conditioned by RNG,EEG_next,full,0,lag_0,True,27597,27587,13790,5512,8285,18,9,144,0.0,0.8,0.8,0.0,True,-18491.835400925702,-7670.943738824668,-8123.806181497652,452.8624426729839,-12098.720924070365,-12098.720924070365,0.0,25496.638926040665,24485.44184814073,766.1111111111111,ok
C2_RNG_next_given_RNG,RNG self-transition baseline,RNG_next,full,0,lag_0,True,27597,27587,13790,5512,8285,2,2,2,0.0,0.8,0.8,0.8,True,-9557.970534261156,-3820.020611684879,-3820.3558775453316,0.33526586045263684,-5744.958485936534,-5745.283340078355,0.3248541418206514,11507.96137573279,11493.916971873068,6895.0,ok
C3_RNG_next_given_RNG_EEG,RNG transition conditioned by EEG,RNG_next,full,0,lag_0,True,27597,27587,13790,5512,8285,18,2,18,0.0,0.8,0.8,0.8,True,-9552.307471635457,-3814.0315318341463,-3824.143958608009,10.112426773862808,-5744.115832135921,-5749.166065075939,5.05023294001785,11650.631299009334,11524.231664271842,766.1111111111111,ok
C0_EEG_next_given_EEG,EEG self-transition baseline,EEG_next,full,1,lag_p1,True,27597,27587,13790,5512,8285,9,9,72,0.0,0.8,0.8,0.0,True,-18520.225361564204,-7657.215797189299,-8056.048467710309,398.8326705210093,-12038.346329061376,-12038.346329061376,0.0,24726.291197072722,24220.692658122753,1532.2222222222222,ok
C1_EEG_next_given_EEG_RNG,EEG transition conditioned by RNG,EEG_next,full,1,lag_p1,True,27597,27587,13790,5512,8285,18,9,144,0.0,0.8,0.8,0.0,True,-18485.92688986371,-7672.508191091429,-8130.1293936855955,457.6212025941668,-12095.119506384006,-12095.119506384006,0.0,25489.436090667947,24478.239012768012,766.1111111111111,ok
C2_RNG_next_given_RNG,RNG self-transition baseline,RNG_next,full,1,lag_p1,True,27597,27577,13787,5512,8278,2,2,2,0.0,0.8,0.8,0.8,True,-9555.911933236028,-3819.967672366508,-3820.430025102937,0.4623527364292386,-5740.077308873157,-5740.423791992792,0.3464831196351952,11498.19733109093,11484.154617746313,6893.5,ok
C3_RNG_next_given_RNG_EEG,RNG transition conditioned by EEG,RNG_next,full,1,lag_p1,True,27597,27577,13787,5512,8278,18,2,18,0.0,0.8,0.8,0.8,True,-9552.032530446928,-3813.741391995812,-3822.5726401749466,8.83124817913449,-5741.345224029865,-5742.511469991935,1.1662459620702066,11645.074868161286,11518.69044805973,765.9444444444445,ok
C0_EEG_next_given_EEG,EEG self-transition baseline,EEG_next,full,3,lag_p3,True,27597,27567,13780,5510,8277,9,9,72,0.0,0.8,0.8,0.0,True,-18510.193126007358,-7645.94893636803,-8042.184145809834,396.2352094418038,-12028.993846126954,-12028.993846126954,0.0,24707.516674381655,24201.987692253908,1531.111111111111,ok
C1_EEG_next_given_EEG_RNG,EEG transition conditioned by RNG,EEG_next,full,3,lag_p3,True,27597,27567,13780,5510,8277,18,9,144,0.0,0.8,0.8,0.0,True,-18471.54723897929,-7683.606188910841,-8149.592914477491,465.9867255666495,-12141.536648782958,-12141.536648782958,0.0,25582.131261821414,24571.073297565916,765.5555555555555,ok
C2_RNG_next_given_RNG,RNG self-transition baseline,RNG_next,full,3,lag_p3,True,27597,27557,13777,5508,8272,2,2,2,0.0,0.8,0.8,0.8,True,-9548.963107250689,-3817.055347261962,-3817.787050508729,0.7317032467667559,-5735.648539646951,-5736.314330496526,0.6657908495753873,11489.338342487397,11475.297079293901,6888.5,ok
C3_RNG_next_given_RNG_EEG,RNG transition conditioned by EEG,RNG_next,full,3,lag_p3,True,27597,27557,13777,5508,8272,18,2,18,0.0,0.8,0.8,0.0,True,-9540.352353266298,-3808.0100021819053,-3825.7348307863936,17.724828604488266,-5743.252633645653,-5743.252633645653,0.0,11648.876636032774,11522.505267291306,765.3888888888889,ok
C0_EEG_next_given_EEG,EEG self-transition baseline,EEG_next,full,5,lag_p5,True,27597,27547,13770,5505,8272,9,9,72,0.0,0.8,0.8,0.0,True,-18495.68090993068,-7635.760472076275,-8032.917907617296,397.1574355410212,-12015.172688937839,-12015.172688937839,0.0,24679.830852841547,24174.345377875678,1530.0,ok
C1_EEG_next_given_EEG_RNG,EEG transition conditioned by RNG,EEG_next,full,5,lag_p5,True,27597,27547,13770,5505,8272,18,9,144,0.0,0.8,0.8,0.0,True,-18467.776424549524,-7667.825971863497,-8132.565003401735,464.7390315382381,-12079.914992851353,-12079.914992851353,0.0,25458.80093563445,24447.829985702705,765.0,ok
C2_RNG_next_given_RNG,RNG self-transition baseline,RNG_next,full,5,lag_p5,True,27597,27537,13767,5502,8268,2,2,2,0.0,0.8,0.8,0.8,True,-9541.901637481558,-3812.924552281058,-3813.7155949432436,0.7910426621856459,-5732.411795463287,-5733.815387196273,1.4035917329865697,11482.863886768177,11468.823590926573,6883.5,ok
C3_RNG_next_given_RNG_EEG,RNG transition conditioned by EEG,RNG_next,full,5,lag_p5,True,27597,27537,13767,5502,8268,18,2,18,0.0,0.8,0.8,0.0,True,-9536.023514616509,-3802.469405694724,-3816.7395141375887,14.270108442864512,-5734.338283767383,-5734.338283767383,0.0,11631.039230109194,11504.676567534765,764.8333333333334,ok
C0_EEG_next_given_EEG,EEG self-transition baseline,EEG_next,no_wake,-5,lag_m5,True,8985,8935,4465,1783,2687,9,9,72,0.0,0.8,0.8,0.8,True,-5798.336971102696,-2145.382384018779,-2233.2639367040492,87.88155268527044,-3446.492533162328,-3497.833592977194,51.34105981486573,7461.510070144972,7036.985066324656,496.1111111111111,ok
C1_EEG_next_given_EEG_RNG,EEG transition conditioned by RNG,EEG_next,no_wake,-5,lag_m5,True,8985,8935,4465,1783,2687,18,9,144,0.0,0.8,0.8,0.8,True,-5768.823294858297,-2126.432910099109,-2256.5235346746135,130.09062457550453,-3570.2502292928702,-3585.0148209895347,14.76459169666441,8277.550466226372,7428.5004585857405,248.05555555555554,ok
C2_RNG_next_given_RNG,RNG self-transition baseline,RNG_next,no_wake,-5,lag_m5,True,8985,8925,4460,1780,2685,2,2,2,0.0,0.8,0.8,0.0,True,-3090.719101279803,-1233.5127044185394,-1234.6219404132232,1.109235994683786,-1859.8398528280068,-1859.8398528280068,0.0,3735.4705776698993,3723.6797056560135,2230.0,ok
C3_RNG_next_given_RNG_EEG,RNG transition conditioned by EEG,RNG_next,no_wake,-5,lag_m5,True,8985,8925,4460,1780,2685,18,2,18,0.0,0.8,0.8,0.0,True,-3082.3342320168513,-1222.5431277967762,-1238.8054919243348,16.262364127558612,-1865.6404405822404,-1865.6404405822404,0.0,3873.3987292894544,3767.280881164481,247.77777777777777,ok
C0_EEG_next_given_EEG,EEG self-transition baseline,EEG_next,no_wake,-3,lag_m3,True,8985,8955,4475,1787,2693,9,9,72,0.0,0.8,0.8,0.8,True,-5806.114088153487,-2147.074682801789,-2237.4658879357075,90.39120513391845,-3453.3619611023537,-3509.76332279283,56.40136169047628,7475.409520887142,7050.723922204707,497.22222222222223,ok
C1_EEG_next_given_EEG_RNG,EEG transition conditioned by RNG,EEG_next,no_wake,-3,lag_m3,True,8985,8955,4475,1787,2693,18,9,144,0.0,0.8,0.8,0.8,True,-5779.99247715339,-2135.3441368717477,-2252.9204304778596,117.5762936061119,-3556.5915914369916,-3572.4475197256797,15.85592828868812,8250.554380238853,7401.183182873983,248.61111111111111,ok
C2_RNG_next_given_RNG,RNG self-transition baseline,RNG_next,no_wake,-3,lag_m3,True,8985,8945,4470,1786,2689,2,2,2,0.0,0.8,0.8,0.0,True,-3097.619451088829,-1237.5889530038685,-1238.8828755611146,1.2939225572461055,-1862.4991650226727,-1862.4991650226727,0.0,3740.792179357883,3728.9983300453455,2235.0,ok
C3_RNG_next_given_RNG_EEG,RNG transition conditioned by EEG,RNG_next,no_wake,-3,lag_m3,True,8985,8945,4470,1786,2689,18,2,18,0.0,0.8,0.8,0.0,True,-3087.7728008638883,-1231.5533133974577,-1236.1081642342783,4.554850836820606,-1871.2404756497288,-1871.2404756497288,0.0,3884.625595112297,3778.4809512994575,248.33333333333334,ok
C0_EEG_next_given_EEG,EEG self-transition baseline,EEG_next,no_wake,-1,lag_m1,True,8985,8975,4485,1790,2700,9,9,72,0.0,0.8,0.8,0.8,True,-5809.837550160598,-2151.3080724957786,-2241.017294964468,89.7092224686894,-3460.2706150982176,-3515.7175187507632,55.44690365254564,7489.413737939889,7064.541230196435,498.3333333333333,ok
C1_EEG_next_given_EEG_RNG,EEG transition conditioned by RNG,EEG_next,no_wake,-1,lag_m1,True,8985,8975,4485,1790,2700,18,9,144,0.0,0.8,0.8,0.8,True,-5776.854760727017,-2126.654857025347,-2237.7535497220406,111.09869269669343,-3563.5494723856773,-3617.9896206403723,54.44014825469503,8264.843960258262,7415.098944771355,249.16666666666666,ok
C2_RNG_next_given_RNG,RNG self-transition baseline,RNG_next,no_wake,-1,lag_m1,True,8985,8965,4480,1789,2696,2,2,2,0.0,0.8,0.8,0.0,True,-3104.5966960847736,-1239.716547504677,-1240.840733899962,1.1241863952850508,-1867.350147216014,-1867.350147216014,0.0,3750.4993433760924,3738.700294432028,2240.0,ok
C3_RNG_next_given_RNG_EEG,RNG transition conditioned by EEG,RNG_next,no_wake,-1,lag_m1,True,8985,8965,4480,1789,2696,18,2,18,0.0,0.8,0.8,0.0,True,-3100.304239989639,-1232.026016483472,-1241.122643421688,9.096626938216104,-1867.06931541647,-1867.06931541647,0.0,3876.33007132952,3770.13863083294,248.88888888888889,ok
C0_EEG_next_given_EEG,EEG self-transition baseline,EEG_next,no_wake,0,lag_0,True,8985,8985,4490,1793,2702,9,9,72,0.0,0.8,0.8,0.8,True,-5810.461279283814,-2157.405202512393,-2247.381159868022,89.97595735562936,-3461.7217421413907,-3515.599637868619,53.877895727228406,7492.369305616232,7067.443484282781,498.8888888888889,ok
C1_EEG_next_given_EEG_RNG,EEG transition conditioned by RNG,EEG_next,no_wake,0,lag_0,True,8985,8985,4490,1793,2702,18,9,144,0.0,0.8,0.8,0.8,True,-5776.940929320794,-2149.842516993833,-2263.849166871112,114.00664987727896,-3615.553747559576,-3691.2421767800083,75.68842922043223,8368.959137786052,7519.107495119152,249.44444444444446,ok
C2_RNG_next_given_RNG,RNG self-transition baseline,RNG_next,no_wake,0,lag_0,True,8985,8975,4485,1790,2700,2,2,2,0.0,0.8,0.8,0.0,True,-3108.0295523037075,-1240.225678442195,-1241.6861823800787,1.4605039378836864,-1870.0504208475213,-1870.0504208475213,0.0,3755.9028557990273,3744.1008416950426,2242.5,ok
C3_RNG_next_given_RNG_EEG,RNG transition conditioned by EEG,RNG_next,no_wake,0,lag_0,True,8985,8975,4485,1790,2700,18,2,18,0.0,0.8,0.8,0.0,True,-3100.4888545896874,-1230.1491555502196,-1242.3217268169162,12.17257126669665,-1872.9869017265114,-1872.9869017265114,0.0,3888.1919303888862,3781.973803453023,249.16666666666666,ok
C0_EEG_next_given_EEG,EEG self-transition baseline,EEG_next,no_wake,1,lag_p1,True,8985,8975,4485,1790,2700,9,9,72,0.0,0.8,0.8,0.8,True,-5805.105875482619,-2152.856662372138,-2242.3612789956346,89.50461662349653,-3451.688099933583,-3506.054157715949,54.366057782365715,7472.248707610621,7047.376199867166,498.3333333333333,ok
C1_EEG_next_given_EEG_RNG,EEG transition conditioned by RNG,EEG_next,no_wake,1,lag_p1,True,8985,8975,4485,1790,2700,18,9,144,0.0,0.8,0.8,0.8,True,-5772.904846521612,-2136.4405736519925,-2257.1636679369194,120.7230942849269,-3586.2028211304983,-3632.065600611975,45.86277948147654,8310.150657747905,7460.4056422609965,249.16666666666666,ok
C2_RNG_next_given_RNG,RNG self-transition baseline,RNG_next,no_wake,1,lag_p1,True,8985,8965,4480,1789,2696,2,2,2,0.0,0.8,0.8,0.0,True,-3104.545116978527,-1239.510017896132,-1240.9583733207985,1.448355424666488,-1867.2910193462471,-1867.2910193462471,0.0,3750.3810876365587,3738.5820386924943,2240.0,ok
C3_RNG_next_given_RNG_EEG,RNG transition conditioned by EEG,RNG_next,no_wake,1,lag_p1,True,8985,8965,4480,1789,2696,18,2,18,0.0,0.8,0.8,0.0,True,-3100.878313512731,-1229.6250858440017,-1241.8264277508197,12.201341906818016,-1870.6913039504948,-1870.6913039504948,0.0,3883.574048397569,3777.3826079009896,248.88888888888889,ok
C0_EEG_next_given_EEG,EEG self-transition baseline,EEG_next,no_wake,3,lag_p3,True,8985,8955,4475,1787,2693,9,9,72,0.0,0.8,0.8,0.8,True,-5793.696205863579,-2143.5577894575417,-2233.330622455065,89.77283299752344,-3442.39120743242,-3496.531459030733,54.14025159831317,7453.4680135472745,7028.78241486484,497.22222222222223,ok
C1_EEG_next_given_EEG_RNG,EEG transition conditioned by RNG,EEG_next,no_wake,3,lag_p3,True,8985,8955,4475,1787,2693,18,9,144,0.0,0.8,0.8,0.8,True,-5769.758719008392,-2128.8423608403705,-2257.238278896097,128.39591805572672,-3536.69551552023,-3546.5298460116323,9.834330491402397,8210.76222840533,7361.39103104046,248.61111111111111,ok
C2_RNG_next_given_RNG,RNG self-transition baseline,RNG_next,no_wake,3,lag_p3,True,8985,8945,4470,1786,2689,2,2,2,0.0,0.8,0.8,0.0,True,-3097.6455616991198,-1237.5100949734604,-1238.806672325263,1.2965773518026253,-1862.4838666811643,-1862.4838666811643,0.0,3740.761582674866,3728.9677333623285,2235.0,ok
C3_RNG_next_given_RNG_EEG,RNG transition conditioned by EEG,RNG_next,no_wake,3,lag_p3,True,8985,8945,4470,1786,2689,18,2,18,0.0,0.8,0.8,0.0,True,-3090.0848211511266,-1230.2462887515564,-1244.7856898462635,14.539401094707046,-1871.1797352171454,-1871.1797352171454,0.0,3884.5041142471305,3778.359470434291,248.33333333333334,ok
C0_EEG_next_given_EEG,EEG self-transition baseline,EEG_next,no_wake,5,lag_p5,True,8985,8935,4465,1783,2687,9,9,72,0.0,0.8,0.8,0.8,True,-5784.043191742587,-2139.858658083467,-2228.096989462893,88.23833137942574,-3437.8086938990505,-3490.390623352979,52.58192945392875,7444.142391618417,7019.617387798101,496.1111111111111,ok
C1_EEG_next_given_EEG_RNG,EEG transition conditioned by RNG,EEG_next,no_wake,5,lag_p5,True,8985,8935,4465,1783,2687,18,9,144,0.0,0.8,0.8,0.8,True,-5758.448428095188,-2128.73238678505,-2244.215895270543,115.48350848549308,-3565.69258926321,-3610.9036789828174,45.21108971960757,8268.435186167051,7419.38517852642,248.05555555555554,ok
C2_RNG_next_given_RNG,RNG self-transition baseline,RNG_next,no_wake,5,lag_p5,True,8985,8925,4460,1780,2685,2,2,2,0.0,0.8,0.8,0.0,True,-3090.6884594256603,-1233.355590028833,-1234.6515040905772,1.29591406174427,-1859.721508032816,-1859.721508032816,0.0,3735.233888079518,3723.443016065632,2230.0,ok
C3_RNG_next_given_RNG_EEG,RNG transition conditioned by EEG,RNG_next,no_wake,5,lag_p5,True,8985,8925,4460,1780,2685,18,2,18,0.0,0.8,0.8,0.0,True,-3084.3129176783586,-1221.0368377662237,-1238.541047506982,17.50420974075837,-1865.5859806812077,-1865.5859806812077,0.0,3873.289809487389,3767.1719613624155,247.77777777777777,ok
C0_EEG_next_given_EEG,EEG self-transition baseline,EEG_next,rem_only,-5,lag_m5,True,1902,1852,924,367,561,7,7,42,0.0,0.8,0.8,0.0,True,-666.2817639588344,-291.08753463495844,-323.66568022798384,32.5781455930254,-638.5274216515344,-638.5274216515344,0.0,1542.903121335022,1361.0548433030688,132.0,ok
C1_EEG_next_given_EEG_RNG,EEG transition conditioned by RNG,EEG_next,rem_only,-5,lag_m5,True,1902,1852,924,367,561,13,7,78,0.0,0.8,0.8,0.8,True,-649.4430655312478,-281.43252133526755,-322.5911317897813,41.158610454513735,-678.7843434349821,-685.7011913800275,6.916847945045333,1851.2869175007345,1513.5686868699643,71.07692307692308,ok
C2_RNG_next_given_RNG,RNG self-transition baseline,RNG_next,rem_only,-5,lag_m5,True,1902,1842,918,363,561,2,2,2,0.0,0.8,0.8,0.8,True,-631.1282897994154,-251.14567806342734,-255.23394513923841,4.088267075811075,-387.4531803880686,-392.74119443853175,5.288014050463175,787.5658025871826,778.9063607761371,459.0,ok
C3_RNG_next_given_RNG_EEG,RNG transition conditioned by EEG,RNG_next,rem_only,-5,lag_m5,True,1902,1842,918,363,561,13,2,13,0.0,0.8,0.8,0.0,True,-625.3145182608476,-248.19584749002195,-256.12580977648446,7.929962286462512,-419.0986124446744,-419.0986124446744,0.0,920.4835966611439,864.1972248893488,70.61538461538461,ok
C0_EEG_next_given_EEG,EEG self-transition baseline,EEG_next,rem_only,-3,lag_m3,True,1902,1872,934,371,567,7,7,42,0.0,0.8,0.8,0.0,True,-673.2175628740081,-294.5885038192376,-326.58216357156726,31.993659752329677,-640.6206346187153,-640.6206346187153,0.0,1547.536359993996,1365.2412692374305,133.42857142857142,ok
C1_EEG_next_given_EEG_RNG,EEG transition conditioned by RNG,EEG_next,rem_only,-3,lag_m3,True,1902,1872,934,371,567,13,7,78,0.0,0.8,0.8,0.0,True,-663.8025305137265,-285.4998323634278,-323.53955415706787,38.03972179364007,-634.3625142299411,-634.3625142299411,0.0,1763.2730541506469,1424.7250284598822,71.84615384615384,ok
C2_RNG_next_given_RNG,RNG self-transition baseline,RNG_next,rem_only,-3,lag_m3,True,1902,1862,928,370,564,2,2,2,0.0,0.8,0.8,0.8,True,-637.7139342318103,-255.8377647995517,-261.020929221754,5.183164422202282,-389.74148056042463,-393.94248464921816,4.201004088793525,792.1530696238453,783.4829611208493,464.0,ok
C3_RNG_next_given_RNG_EEG,RNG transition conditioned by EEG,RNG_next,rem_only,-3,lag_m3,True,1902,1862,928,370,564,13,2,13,0.0,0.8,0.8,0.8,True,-631.6101366896713,-254.15279856928117,-275.81466383814944,21.66186526886827,-406.5362967710385,-410.45136596752064,3.9150691964821362,895.4282988115518,839.072593542077,71.38461538461539,ok
C0_EEG_next_given_EEG,EEG self-transition baseline,EEG_next,rem_only,-1,lag_m1,True,1902,1892,944,373,575,7,7,42,0.0,0.8,0.8,0.0,True,-685.2667204830957,-299.78799015340905,-332.75774421543343,32.96975406202438,-643.6715398806493,-643.6715398806493,0.0,1554.2266214747874,1371.3430797612987,134.85714285714286,ok
C1_EEG_next_given_EEG_RNG,EEG transition conditioned by RNG,EEG_next,rem_only,-1,lag_m1,True,1902,1892,944,373,575,12,7,72,0.0,0.8,0.8,0.0,True,-667.4950492069289,-289.17424633282246,-332.8354340738196,43.66118774099715,-687.1715973775447,-687.1715973775447,0.0,1831.8578376924986,1518.3431947550894,78.66666666666667,ok
C2_RNG_next_given_RNG,RNG self-transition baseline,RNG_next,rem_only,-1,lag_m1,True,1902,1882,938,371,573,2,2,2,0.0,0.8,0.8,0.8,True,-644.899279001074,-256.2581808355959,-261.6778217219901,5.419640886394177,-395.8739859380326,-400.28391096204473,4.409925024012125,804.4497433094947,795.7479718760652,469.0,ok
C3_RNG_next_given_RNG_EEG,RNG transition conditioned by EEG,RNG_next,rem_only,-1,lag_m1,True,1902,1882,938,371,573,12,2,12,0.0,0.8,0.8,0.0,True,-640.061903303048,-251.32942026540547,-260.7846415652904,9.455221299884954,-403.6629683932602,-403.6629683932602,0.0,883.5365653870973,831.3259367865204,78.16666666666667,ok
C0_EEG_next_given_EEG,EEG self-transition baseline,EEG_next,rem_only,0,lag_0,True,1902,1902,948,377,577,7,7,42,0.0,0.8,0.8,0.0,True,-684.2369265747482,-299.87539056832503,-325.94041861912206,26.065028050797025,-646.0198202479899,-646.0198202479899,0.0,1559.06901568932,1376.0396404959797,135.42857142857142,ok
C1_EEG_next_given_EEG_RNG,EEG transition conditioned by RNG,EEG_next,rem_only,0,lag_0,True,1902,1902,948,377,577,13,7,78,0.0,0.8,0.8,0.8,True,-671.7365225971939,-298.2501958826978,-335.5316853351635,37.28148945246568,-683.6940995274769,-694.6778859989399,10.983786471463077,1863.2998958425856,1523.3881990549537,72.92307692307692,ok
C2_RNG_next_given_RNG,RNG self-transition baseline,RNG_next,rem_only,0,lag_0,True,1902,1892,944,373,575,2,2,2,0.0,0.8,0.8,0.8,True,-649.6504658003662,-258.0329873306756,-262.1823468676829,4.149359537007285,-397.17740833073833,-401.54756925291895,4.370160922180617,807.0635567430713,798.3548166614767,472.0,ok
C3_RNG_next_given_RNG_EEG,RNG transition conditioned by EEG,RNG_next,rem_only,0,lag_0,True,1902,1892,944,373,575,13,2,13,0.0,0.8,0.8,0.0,True,-645.6692154426671,-251.97093627563,-262.0525845809112,10.081648305281163,-400.63075617875023,-400.63075617875023,0.0,883.868322887866,827.2615123575005,72.61538461538461,ok
C0_EEG_next_given_EEG,EEG self-transition baseline,EEG_next,rem_only,1,lag_p1,True,1902,1892,944,373,575,7,7,42,0.0,0.8,0.8,0.0,True,-682.4913528186748,-299.1751750940615,-324.64121212991415,25.46603703585265,-554.8082643342397,-554.8082643342397,0.0,1376.500070381968,1193.6165286684793,134.85714285714286,ok
C1_EEG_next_given_EEG_RNG,EEG transition conditioned by RNG,EEG_next,rem_only,1,lag_p1,True,1902,1892,944,373,575,13,7,78,0.0,0.8,0.8,0.8,True,-664.5584864944418,-296.00724691120064,-335.631261015665,39.62401410446438,-613.9373453795776,-614.8896612131555,0.9523158335779272,1723.5155539413486,1383.874690759155,72.61538461538461,ok
C2_RNG_next_given_RNG,RNG self-transition baseline,RNG_next,rem_only,1,lag_p1,True,1902,1882,938,371,573,2,2,2,0.0,0.8,0.8,0.8,True,-645.769324502455,-256.6367597483978,-260.69501495163956,4.0582552032417425,-395.7316196051852,-400.04976023379226,4.318140628607068,804.1650106437999,795.4632392103704,469.0,ok
C3_RNG_next_given_RNG_EEG,RNG transition conditioned by EEG,RNG_next,rem_only,1,lag_p1,True,1902,1882,938,371,573,13,2,13,0.0,0.8,0.8,0.8,True,-642.2944242090763,-252.54714069001827,-260.9797020502548,8.43256136023652,-413.05531667662996,-413.3189458650597,0.26362918842971794,908.6721476705516,852.1106333532599,72.15384615384616,ok
C0_EEG_next_given_EEG,EEG self-transition baseline,EEG_next,rem_only,3,lag_p3,True,1902,1872,934,371,567,7,7,42,0.0,0.8,0.8,0.0,True,-668.0843876834659,-304.46663095001594,-331.38357745540804,26.916946505392104,-516.1011705677197,-516.1011705677197,0.0,1298.497431892005,1116.2023411354394,133.42857142857142,ok
C1_EEG_next_given_EEG_RNG,EEG transition conditioned by RNG,EEG_next,rem_only,3,lag_p3,True,1902,1872,934,371,567,12,7,72,0.0,0.8,0.8,0.0,True,-657.2491844960995,-305.22551645016495,-342.47257817573734,37.247061725572394,-515.6357573969934,-515.6357573969934,0.0,1487.777384662385,1175.2715147939869,77.83333333333333,ok
C2_RNG_next_given_RNG,RNG self-transition baseline,RNG_next,rem_only,3,lag_p3,True,1902,1862,928,370,564,2,2,2,0.0,0.8,0.8,0.8,True,-640.3818045894188,-256.3276688092968,-257.88024790829,1.552579098993192,-389.8326132173205,-393.14089804741224,3.3082848300917362,792.3353349376371,783.665226434641,464.0,ok
C3_RNG_next_given_RNG_EEG,RNG transition conditioned by EEG,RNG_next,rem_only,3,lag_p3,True,1902,1862,928,370,564,12,2,12,0.0,0.8,0.8,0.0,True,-636.4063068639588,-250.8471397176872,-256.66832770294866,5.821187985261446,-396.36027490282737,-396.36027490282737,0.0,868.7412008236315,816.7205498056547,77.33333333333333,ok
C0_EEG_next_given_EEG,EEG self-transition baseline,EEG_next,rem_only,5,lag_p5,True,1902,1852,924,367,561,7,7,42,0.0,0.8,0.8,0.0,True,-660.7989052633084,-292.23443029147336,-319.2600780482742,27.025647756800822,-529.1869333792172,-529.1869333792172,0.0,1324.2221447903876,1142.3738667584344,132.0,ok
C1_EEG_next_given_EEG_RNG,EEG transition conditioned by RNG,EEG_next,rem_only,5,lag_p5,True,1902,1852,924,367,561,13,7,78,0.0,0.8,0.8,0.0,True,-650.1438546995306,-323.4185271463069,-368.46464442685067,45.0461172805438,-550.5012487651558,-550.5012487651558,0.0,1594.7207281610818,1257.0024975303115,71.07692307692308,ok
C2_RNG_next_given_RNG,RNG self-transition baseline,RNG_next,rem_only,5,lag_p5,True,1902,1842,918,363,561,2,2,2,0.0,0.8,0.8,0.8,True,-633.7354671756451,-251.32537075751878,-252.7446267922589,1.4192560347401297,-387.5256291292611,-390.9339027131034,3.4082735838422877,787.7107000695677,779.0512582585222,459.0,ok
C3_RNG_next_given_RNG_EEG,RNG transition conditioned by EEG,RNG_next,rem_only,5,lag_p5,True,1902,1842,918,363,561,13,2,13,0.0,0.8,0.8,0.8,True,-626.1162021389134,-267.7239363685682,-281.7619305938624,14.037994225294199,-445.322776720852,-461.82712581955997,16.504349098707962,972.9319252134991,916.645553441704,70.61538461538461,ok
C0_EEG_next_given_EEG,EEG self-transition baseline,EEG_next,stable_sleep,-5,lag_m5,True,6078,6028,3011,1203,1814,9,9,72,0.0,0.8,0.8,0.8,True,-4136.4995967599,-1680.1746798867339,-1803.79379836898,123.61911848224622,-2770.3173912949915,-2873.4367488021967,103.11935750720522,6080.871635998588,5684.634782589983,334.55555555555554,ok
C1_EEG_next_given_EEG_RNG,EEG transition conditioned by RNG,EEG_next,stable_sleep,-5,lag_m5,True,6078,6028,3011,1203,1814,18,9,144,0.0,0.8,0.8,0.8,True,-4107.712989662182,-1671.8955534479264,-1831.6139866940282,159.71843324610177,-2862.766870315494,-2963.7639846761035,100.99711436060943,6806.0074474482,6013.533740630988,167.27777777777777,ok
C2_RNG_next_given_RNG,RNG self-transition baseline,RNG_next,stable_sleep,-5,lag_m5,True,6078,6018,3007,1200,1811,2,2,2,0.0,0.8,0.8,0.0,True,-2084.142660791529,-831.1520023201737,-831.481922629857,0.32992030968330255,-1256.0752908802137,-1256.0752908802137,0.0,2527.1538506761945,2516.1505817604275,1503.5,ok
C3_RNG_next_given_RNG_EEG,RNG transition conditioned by EEG,RNG_next,stable_sleep,-5,lag_m5,True,6078,6018,3007,1200,1811,18,2,18,0.0,0.8,0.8,0.0,True,-2077.2566852330365,-823.0864890533079,-834.8411988737193,11.754709820411449,-1261.1598556189567,-1261.1598556189567,0.0,2657.349131479815,2558.3197112379135,167.05555555555554,ok
C0_EEG_next_given_EEG,EEG self-transition baseline,EEG_next,stable_sleep,-3,lag_m3,True,6078,6048,3021,1205,1822,9,9,72,0.0,0.8,0.8,0.8,True,-4153.284593321284,-1681.3139054441738,-1803.8200132496174,122.50610780544366,-2782.980257439178,-2885.73195346584,102.7516960266621,6106.514200481389,5709.960514878356,335.6666666666667,ok
C1_EEG_next_given_EEG_RNG,EEG transition conditioned by RNG,EEG_next,stable_sleep,-3,lag_m3,True,6078,6048,3021,1205,1822,18,9,144,0.0,0.8,0.8,0.8,True,-4118.226742964456,-1701.0559137474256,-1865.3777725442242,164.32185879679855,-2905.332500003621,-2964.0725520381525,58.740052034531345,6891.772371213308,6098.665000007242,167.83333333333334,ok
C2_RNG_next_given_RNG,RNG self-transition baseline,RNG_next,stable_sleep,-3,lag_m3,True,6078,6038,3017,1203,1818,2,2,2,0.0,0.8,0.8,0.0,True,-2091.14974115457,-832.6436496918999,-833.5236151619937,0.8799654700937936,-1260.7020983725606,-1260.7020983725606,0.0,2536.415181294596,2525.404196745121,1508.5,ok
C3_RNG_next_given_RNG_EEG,RNG transition conditioned by EEG,RNG_next,stable_sleep,-3,lag_m3,True,6078,6038,3017,1203,1818,18,2,18,0.0,0.8,0.8,0.0,True,-2082.5392013740625,-826.2828142780863,-836.8366020026484,10.553787724562085,-1269.2071758124935,-1269.2071758124935,0.0,2673.5132125702607,2574.414351624987,167.61111111111111,ok
C0_EEG_next_given_EEG,EEG self-transition baseline,EEG_next,stable_sleep,-1,lag_m1,True,6078,6068,3031,1210,1827,9,9,72,0.0,0.8,0.8,0.8,True,-4164.250332907998,-1689.1195019398128,-1809.0271609591175,119.90765901930467,-2789.428257175022,-2891.0238685618965,101.59561138687468,6119.60751440926,5722.856514350044,336.77777777777777,ok
C1_EEG_next_given_EEG_RNG,EEG transition conditioned by RNG,EEG_next,stable_sleep,-1,lag_m1,True,6078,6068,3031,1210,1827,18,9,144,0.0,0.8,0.8,0.8,True,-4131.768411488004,-1676.6463847683365,-1822.2112847729559,145.5649000046194,-2871.824155756746,-2937.5919324951647,65.76777673841843,6825.150311631925,6031.648311513492,168.38888888888889,ok
C2_RNG_next_given_RNG,RNG self-transition baseline,RNG_next,stable_sleep,-1,lag_m1,True,6078,6058,3027,1207,1824,2,2,2,0.0,0.8,0.8,0.0,True,-2098.069424102065,-835.4682360358191,-836.2948714026202,0.8266353668010424,-1264.8369547313305,-1264.8369547313305,0.0,2544.6914838039297,2533.673909462661,1513.5,ok
C3_RNG_next_given_RNG_EEG,RNG transition conditioned by EEG,RNG_next,stable_sleep,-1,lag_m1,True,6078,6058,3027,1207,1824,18,2,18,0.0,0.8,0.8,0.0,True,-2092.998920426186,-829.3371934445984,-836.2583572864831,6.921163841884777,-1270.0028704940553,-1270.0028704940553,0.0,2675.1639100595276,2576.0057409881106,168.16666666666666,ok
C0_EEG_next_given_EEG,EEG self-transition baseline,EEG_next,stable_sleep,0,lag_0,True,6078,6078,3037,1213,1828,9,9,72,0.0,0.8,0.8,0.8,True,-4170.216767517597,-1692.4320266977745,-1811.4765286092409,119.04450191146634,-2791.120643891387,-2890.539706743172,99.41906285178493,6123.031685927788,5726.241287782774,337.44444444444446,ok
C1_EEG_next_given_EEG_RNG,EEG transition conditioned by RNG,EEG_next,stable_sleep,0,lag_0,True,6078,6078,3037,1213,1828,18,9,144,0.0,0.8,0.8,0.8,True,-4137.6046724160515,-1698.0772935832276,-1863.4738731095895,165.39657952636185,-2959.7053527963894,-3081.617519684946,121.91216688855638,7000.991501882809,6207.410705592779,168.72222222222223,ok
C2_RNG_next_given_RNG,RNG self-transition baseline,RNG_next,stable_sleep,0,lag_0,True,6078,6068,3031,1210,1827,2,2,2,0.0,0.8,0.8,0.0,True,-2100.805428467935,-837.6339048273651,-838.330846119282,0.6969412919169145,-1267.0309236091891,-1267.0309236091891,0.0,2549.082708331134,2538.0618472183783,1515.5,ok
C3_RNG_next_given_RNG_EEG,RNG transition conditioned by EEG,RNG_next,stable_sleep,0,lag_0,True,6078,6068,3031,1210,1827,18,2,18,0.0,0.8,0.8,0.8,True,-2089.828202541404,-832.2297717084339,-842.5380935546059,10.30832184617202,-1274.2703481417852,-1275.6029110655654,1.3325629237801877,2683.7284462983744,2584.5406962835705,168.38888888888889,ok
C0_EEG_next_given_EEG,EEG self-transition baseline,EEG_next,stable_sleep,1,lag_p1,True,6078,6068,3031,1210,1827,9,9,72,0.0,0.8,0.8,0.8,True,-4164.991619215591,-1685.0849158203805,-1803.3508947696641,118.26597894928364,-2793.923418814963,-2893.266463142611,99.34304432764793,6128.597837689143,5731.846837629926,336.77777777777777,ok
C1_EEG_next_given_EEG_RNG,EEG transition conditioned by RNG,EEG_next,stable_sleep,1,lag_p1,True,6078,6068,3031,1210,1827,18,9,144,0.0,0.8,0.8,0.8,True,-4133.483418750648,-1683.9422087512407,-1854.7091573031132,170.76694855187247,-2910.6548455700154,-2947.604630159077,36.94978458906144,6902.811691258464,6109.309691140031,168.38888888888889,ok
C2_RNG_next_given_RNG,RNG self-transition baseline,RNG_next,stable_sleep,1,lag_p1,True,6078,6058,3027,1207,1824,2,2,2,0.0,0.8,0.8,0.0,True,-2098.010401139785,-835.6486712436215,-836.2487333091495,0.60006206552805,-1264.933078488485,-1264.933078488485,0.0,2544.883731318239,2533.86615697697,1513.5,ok
C3_RNG_next_given_RNG_EEG,RNG transition conditioned by EEG,RNG_next,stable_sleep,1,lag_p1,True,6078,6058,3027,1207,1824,18,2,18,0.0,0.8,0.8,0.8,True,-2091.231170811284,-830.3140756673888,-839.4151395113679,9.101063843979091,-1267.4488278250772,-1272.9888021796144,5.5399743545372075,2670.0558247215713,2570.8976556501543,168.16666666666666,ok
C0_EEG_next_given_EEG,EEG self-transition baseline,EEG_next,stable_sleep,3,lag_p3,True,6078,6048,3021,1205,1822,9,9,72,0.0,0.8,0.8,0.8,True,-4151.0107173298975,-1669.4219579220842,-1791.2683157342694,121.84635781218526,-2814.0138823482516,-2896.865359460033,82.85147711178115,6168.581450299536,5772.027764696503,335.6666666666667,ok
C1_EEG_next_given_EEG_RNG,EEG transition conditioned by RNG,EEG_next,stable_sleep,3,lag_p3,True,6078,6048,3021,1205,1822,18,9,144,0.0,0.8,0.8,0.8,True,-4125.804520223799,-1675.2721284474246,-1844.3013499576393,169.0292215102147,-2939.190550099554,-2968.7356961343944,29.5451460348404,6959.488471405174,6166.381100199108,167.83333333333334,ok
C2_RNG_next_given_RNG,RNG self-transition baseline,RNG_next,stable_sleep,3,lag_p3,True,6078,6038,3017,1203,1818,2,2,2,0.0,0.8,0.8,0.0,True,-2091.0654936624323,-832.8338026062787,-833.4355083750003,0.6017057687215583,-1260.8276515709117,-1260.8276515709117,0.0,2536.6662876912983,2525.6553031418234,1508.5,ok
C3_RNG_next_given_RNG_EEG,RNG transition conditioned by EEG,RNG_next,stable_sleep,3,lag_p3,True,6078,6038,3017,1203,1818,18,2,18,0.0,0.8,0.8,0.8,True,-2081.4666725547063,-829.4000541060651,-840.6879392576061,11.28788515154099,-1266.989804699522,-1280.150533796112,13.160729096590103,2669.078470344318,2569.979609399044,167.61111111111111,ok
C0_EEG_next_given_EEG,EEG self-transition baseline,EEG_next,stable_sleep,5,lag_p5,True,6078,6028,3011,1203,1814,9,9,72,0.0,0.8,0.8,0.8,True,-4139.125645918077,-1662.447399128082,-1783.652235870203,121.20483674212096,-2806.851128718606,-2885.83950565849,78.98837693988389,6153.9391108458185,5757.702257437212,334.55555555555554,ok
C1_EEG_next_given_EEG_RNG,EEG transition conditioned by RNG,EEG_next,stable_sleep,5,lag_p5,True,6078,6028,3011,1203,1814,18,9,144,0.0,0.8,0.8,0.8,True,-4107.57127656867,-1670.614671084138,-1833.3734321639572,162.75876107981912,-2943.105453818189,-3046.936065230368,103.83061141217922,6966.684614453589,6174.210907636378,167.27777777777777,ok
C2_RNG_next_given_RNG,RNG self-transition baseline,RNG_next,stable_sleep,5,lag_p5,True,6078,6018,3007,1200,1811,2,2,2,0.0,0.8,0.8,0.0,True,-2084.136134061796,-830.6235584553721,-831.3897921203317,0.7662336649596,-1256.0094867370753,-1256.0094867370753,0.0,2527.0222423899177,2516.0189734741507,1503.5,ok
C3_RNG_next_given_RNG_EEG,RNG transition conditioned by EEG,RNG_next,stable_sleep,5,lag_p5,True,6078,6018,3007,1200,1811,18,2,18,0.0,0.8,0.8,0.0,True,-2079.4800760594444,-822.1639430784762,-830.43771648454,8.27377340606381,-1261.012668481319,-1261.012668481319,0.0,2657.0547572045393,2558.025336962638,167.05555555555554,ok
C0_EEG_next_given_EEG,EEG self-transition baseline,EEG_next,transition_epochs,-5,lag_m5,True,4388,4338,2166,862,1310,9,9,72,0.0,0.8,0.8,0.0,True,-3026.414055616408,-1140.7804369995038,-1209.345801184019,68.56536418451515,-1759.104626729221,-1759.104626729221,0.0,4035.009587424496,3662.209253458442,240.66666666666666,ok
C1_EEG_next_given_EEG_RNG,EEG transition conditioned by RNG,EEG_next,transition_epochs,-5,lag_m5,True,4388,4338,2166,862,1310,18,9,144,0.0,0.8,0.8,0.0,True,-2980.6499378413987,-1144.9344844334755,-1269.5456568381474,124.61117240467183,-1895.2691199757573,-1895.2691199757573,0.0,4824.138907883623,4078.5382399515147,120.33333333333333,ok
C2_RNG_next_given_RNG,RNG self-transition baseline,RNG_next,transition_epochs,-5,lag_m5,True,4388,4328,2162,861,1305,2,2,2,0.0,0.8,0.8,0.0,True,-1498.0114256656764,-596.0406160167861,-597.860676520845,1.8200605040589153,-902.7858142160596,-902.7858142160596,0.0,1819.919545071633,1809.5716284321193,1081.0,ok
C3_RNG_next_given_RNG_EEG,RNG transition conditioned by EEG,RNG_next,transition_epochs,-5,lag_m5,True,4388,4328,2162,861,1305,18,2,18,0.0,0.8,0.8,0.0,True,-1491.0802021621066,-585.6733582896021,-601.1997140187372,15.526355729135048,-907.0322566804614,-907.0322566804614,0.0,1943.195763116545,1850.0645133609228,120.11111111111111,ok
C0_EEG_next_given_EEG,EEG self-transition baseline,EEG_next,transition_epochs,-3,lag_m3,True,4388,4358,2176,870,1312,9,9,72,0.0,0.8,0.8,0.0,True,-3027.646521616074,-1151.6052808294833,-1219.4712845762363,67.866003746753,-1759.2991595829487,-1759.2991595829487,0.0,4035.508492970188,3662.5983191658975,241.77777777777777,ok
C1_EEG_next_given_EEG_RNG,EEG transition conditioned by RNG,EEG_next,transition_epochs,-3,lag_m3,True,4388,4358,2176,870,1312,18,9,144,0.0,0.8,0.8,0.0,True,-3002.3228832801533,-1164.9150445444475,-1281.2635126306875,116.34846808624002,-1841.093475363672,-1841.093475363672,0.0,4716.007298335925,3970.186950727344,120.88888888888889,ok
C2_RNG_next_given_RNG,RNG self-transition baseline,RNG_next,transition_epochs,-3,lag_m3,True,4388,4348,2172,865,1311,2,2,2,0.0,0.8,0.8,0.0,True,-1505.0449547946466,-598.9872054171537,-600.42034818967,1.4331427725162484,-907.0850891282129,-907.0850891282129,0.0,1828.5272692239532,1818.1701782564257,1086.0,ok
C3_RNG_next_given_RNG_EEG,RNG transition conditioned by EEG,RNG_next,transition_epochs,-3,lag_m3,True,4388,4348,2172,865,1311,18,2,18,0.0,0.8,0.8,0.0,True,-1499.092721935242,-593.6532663086616,-599.0396108266285,5.386344517966904,-907.5824446720915,-907.5824446720915,0.0,1944.3787080519296,1851.164889344183,120.66666666666667,ok
C0_EEG_next_given_EEG,EEG self-transition baseline,EEG_next,transition_epochs,-1,lag_m1,True,4388,4378,2186,871,1321,9,9,72,0.0,0.8,0.8,0.0,True,-3033.4621978125742,-1143.4265110458202,-1211.5145157072775,68.08800466145726,-1778.2159207589568,-1778.2159207589568,0.0,4073.8342314435213,3700.4318415179137,242.88888888888889,ok
C1_EEG_next_given_EEG_RNG,EEG transition conditioned by RNG,EEG_next,transition_epochs,-1,lag_m1,True,4388,4378,2186,871,1321,18,9,144,0.0,0.8,0.8,0.0,True,-2996.520127607495,-1122.0919626746606,-1223.7708579651633,101.67889529050262,-1937.1536051587095,-1937.1536051587095,0.0,4909.111990168634,4162.307210317419,121.44444444444444,ok
C2_RNG_next_given_RNG,RNG self-transition baseline,RNG_next,transition_epochs,-1,lag_m1,True,4388,4368,2182,870,1316,2,2,2,0.0,0.8,0.8,0.0,True,-1511.9924572837965,-602.4119493013262,-603.8890694642628,1.4771201629365578,-910.4277042361445,-910.4277042361445,0.0,1835.2201126960595,1824.855408472289,1091.0,ok
C3_RNG_next_given_RNG_EEG,RNG transition conditioned by EEG,RNG_next,transition_epochs,-1,lag_m1,True,4388,4368,2182,870,1316,18,2,18,0.0,0.8,0.8,0.0,True,-1506.4095998509426,-593.8633025680313,-605.9104297418977,12.047127173866443,-911.7685367953203,-911.7685367953203,0.0,1952.8194116045754,1859.5370735906406,121.22222222222223,ok
C0_EEG_next_given_EEG,EEG self-transition baseline,EEG_next,transition_epochs,0,lag_0,True,4388,4388,2192,872,1324,9,9,72,0.0,0.8,0.8,0.0,True,-3039.333329752849,-1145.961039415348,-1213.940036572076,67.97899715672793,-1781.9779427902515,-1781.9779427902515,0.0,4081.5216026082835,3707.955885580503,243.55555555555554,ok
C1_EEG_next_given_EEG_RNG,EEG transition conditioned by RNG,EEG_next,transition_epochs,0,lag_0,True,4388,4388,2192,872,1324,18,9,144,0.0,0.8,0.8,0.0,True,-3007.995562581016,-1159.514344236036,-1268.190065839082,108.67572160304599,-1939.3731001529795,-1939.3731001529795,0.0,4913.877634361521,4166.746200305959,121.77777777777777,ok
C2_RNG_next_given_RNG,RNG self-transition baseline,RNG_next,transition_epochs,0,lag_0,True,4388,4378,2186,871,1321,2,2,2,0.0,0.8,0.8,0.0,True,-1514.7770680863152,-603.1832230791522,-604.5336594354786,1.3504363563264405,-913.903282670096,-913.903282670096,0.0,1842.1788539492368,1831.806565340192,1093.0,ok
C3_RNG_next_given_RNG_EEG,RNG transition conditioned by EEG,RNG_next,transition_epochs,0,lag_0,True,4388,4378,2186,871,1321,18,2,18,0.0,0.8,0.8,0.0,True,-1505.6429054257023,-593.104334513954,-608.7010711156738,15.59673660171984,-913.820296168656,-913.820296168656,0.0,1956.9911898187138,1863.640592337312,121.44444444444444,ok
C0_EEG_next_given_EEG,EEG self-transition baseline,EEG_next,transition_epochs,1,lag_p1,True,4388,4378,2186,871,1321,9,9,72,0.0,0.8,0.8,0.0,True,-3031.225912574344,-1140.2709359401802,-1209.1004893279148,68.82955338773468,-1781.8415974545258,-1781.8415974545258,0.0,4081.085584834659,3707.6831949090515,242.88888888888889,ok
C1_EEG_next_given_EEG_RNG,EEG transition conditioned by RNG,EEG_next,transition_epochs,1,lag_p1,True,4388,4378,2186,871,1321,18,9,144,0.0,0.8,0.8,0.0,True,-2997.4864192928053,-1152.4645168516306,-1279.0684287946724,126.6039119430418,-1899.2133021709221,-1899.2133021709221,0.0,4833.231384193059,4086.4266043418443,121.44444444444444,ok
C2_RNG_next_given_RNG,RNG self-transition baseline,RNG_next,transition_epochs,1,lag_p1,True,4388,4368,2182,870,1316,2,2,2,0.0,0.8,0.8,0.0,True,-1512.039827533826,-602.4364442516796,-603.8230207339318,1.386576482252167,-910.4727122233502,-910.4727122233502,0.0,1835.310128670471,1824.9454244467004,1091.0,ok
C3_RNG_next_given_RNG_EEG,RNG transition conditioned by EEG,RNG_next,transition_epochs,1,lag_p1,True,4388,4368,2182,870,1316,18,2,18,0.0,0.8,0.8,0.0,True,-1506.6995136258004,-592.8245618269315,-602.3285298856367,9.503968058705254,-912.4787841311803,-912.4787841311803,0.0,1954.2399062762954,1860.9575682623606,121.22222222222223,ok
C0_EEG_next_given_EEG,EEG self-transition baseline,EEG_next,transition_epochs,3,lag_p3,True,4388,4358,2176,870,1312,9,9,72,0.0,0.8,0.8,0.8,True,-3017.255309557232,-1138.9395421278266,-1205.2004183777613,66.26087624993465,-1754.699430651166,-1761.4067942239046,6.707363572738586,4026.3090351066226,3653.398861302332,241.77777777777777,ok
C1_EEG_next_given_EEG_RNG,EEG transition conditioned by RNG,EEG_next,transition_epochs,3,lag_p3,True,4388,4358,2176,870,1312,18,9,144,0.0,0.8,0.8,0.0,True,-2984.7236667652573,-1148.7932688761691,-1262.600585915448,113.80731703927881,-1952.8772208544885,-1952.8772208544885,0.0,4939.574789317558,4193.7544417089775,120.88888888888889,ok
C2_RNG_next_given_RNG,RNG self-transition baseline,RNG_next,transition_epochs,3,lag_p3,True,4388,4348,2172,865,1311,2,2,2,0.0,0.8,0.8,0.0,True,-1505.2070634907993,-599.16175844336,-600.130070394754,0.9683119513939573,-907.2832466576041,-907.2832466576041,0.0,1828.9235842827356,1818.5664933152082,1086.0,ok
C3_RNG_next_given_RNG_EEG,RNG transition conditioned by EEG,RNG_next,transition_epochs,3,lag_p3,True,4388,4348,2172,865,1311,18,2,18,0.0,0.8,0.8,0.0,True,-1497.1239935065903,-593.1554339998828,-600.0987211250945,6.943287125211668,-911.045705282299,-911.045705282299,0.0,1951.3052292723446,1858.091410564598,120.66666666666667,ok
C0_EEG_next_given_EEG,EEG self-transition baseline,EEG_next,transition_epochs,5,lag_p5,True,4388,4338,2166,862,1310,9,9,72,0.0,0.8,0.8,0.8,True,-3009.3740816443665,-1121.8769895408625,-1186.342037576996,64.46504803613357,-1744.3512734068513,-1755.1115237017377,10.760250294886418,4005.5028807797567,3632.7025468137026,240.66666666666666,ok
C1_EEG_next_given_EEG_RNG,EEG transition conditioned by RNG,EEG_next,transition_epochs,5,lag_p5,True,4388,4338,2166,862,1310,18,9,144,0.0,0.8,0.8,0.8,True,-2983.287770300749,-1123.0246308191113,-1227.213402616919,104.1887717978077,-1948.0193388375446,-1950.5824441532204,2.5631053156757844,4929.639345607197,4184.038677675089,120.33333333333333,ok
C2_RNG_next_given_RNG,RNG self-transition baseline,RNG_next,transition_epochs,5,lag_p5,True,4388,4328,2162,861,1305,2,2,2,0.0,0.8,0.8,0.0,True,-1498.2395787869807,-596.45145053406,-597.3808936956301,0.9294431615701342,-903.1284559503671,-903.1284559503671,0.0,1820.6048285402478,1810.2569119007342,1081.0,ok
C3_RNG_next_given_RNG_EEG,RNG transition conditioned by EEG,RNG_next,transition_epochs,5,lag_p5,True,4388,4328,2162,861,1305,18,2,18,0.0,0.8,0.8,0.0,True,-1491.1317658075452,-591.724637260877,-598.0915151286565,6.366877867779522,-903.8795375312915,-903.8795375312915,0.0,1936.8903248182053,1843.759075062583,120.11111111111111,ok
